,Track,Racer,Rank,Ghost,Status
1,C1,Fdzierva,1,0,
2,C1,"Ben Snel",2,0,
3,C1,"Zak McKracken",3,0,
4,C1,Trx,4,0,
5,C1,KHR,5,0,
6,C1,JTK,6,0,
7,C1,Petmorgo,7,0,
8,C1,Charles,8,0,
9,C1,PCK,9,0,
10,C2,Fdzierva,1,0,
11,C2,"Zak McKracken",2,0,
12,C2,"Ben Snel",3,0,
13,C2,"Roy Wiegerinck",4,0,
14,C2,"Thijs Wiegerinck",5,0,
15,C2,"Bonzai Joe",6,0,
16,C2,KHR,7,0,
17,C2,JTK,8,0,
18,C2,Trx,9,0,
19,C2,Adam,10,0,
20,C2,Petmorgo,11,0,
21,C3,"Roy Wiegerinck",1,0,
22,C3,"Bonzai Joe",2,0,
23,C3,"Ben Snel",3,0,
24,C3,"Zak McKracken",4,0,
25,C3,Petmorgo,5,0,
26,C3,"Hot Shot",6,0,
27,C4,"Roy Wiegerinck",1,0,
28,C4,"Ben Snel",2,0,
29,C4,"Bonzai Joe",2,0,
30,C4,"Zak McKracken",4,0,
31,C4,KHR,5,0,
32,C4,JTK,6,0,
33,C4,"The Never Sleeping",7,0,
34,C5,"Roy Wiegerinck",1,0,
35,C5,"Zak McKracken",2,0,
36,C5,"Ben Snel",3,0,
37,C5,"Sylvain Chabert",4,0,
38,C5,Nathan,5,0,
39,C5,Trx,6,0,
40,C5,KHR,7,0,
41,C6,"Roy Wiegerinck",1,0,
42,C6,"Sylvain Chabert",2,0,
43,C6,Argammon,3,0,
44,C6,Gus,4,0,
45,C6,"Zak McKracken",5,0,
46,C6,"Paulo Ribeiro",6,0,
47,C6,"Ben Snel",7,0,
48,C6,Brambi,8,0,
49,C6,Trx,9,0,
50,C6,Nick,10,0,
51,C7,"Roy Wiegerinck",1,0,
52,C7,"Zak McKracken",2,0,
53,C7,"Paulo Ribeiro",3,0,
54,C7,"Ben Snel",4,0,
55,C7,Argammon,5,0,
56,C7,Ravager,6,0,
57,C7,Tangent,7,0,
58,C7,Trx,8,0,
59,C7,Idiot,9,0,
60,C8,"Roy Wiegerinck",1,0,
61,C8,Bismarck,2,0,
62,C8,"Ben Snel",3,0,
63,C8,"Bonzai Joe",4,0,
64,C8,"Zak McKracken",5,0,
65,C8,Iribaar,6,0,
66,C8,Idiot,7,0,
67,C8,"Paulo Ribeiro",8,0,
68,C8,Trx,9,0,
69,C9,Bismarck,1,0,
70,C9,Argammon,2,0,
71,C9,"Bonzai Joe",3,0,
72,C9,"Ben Snel",4,0,
73,C9,"Zak McKracken",5,0,
74,C9,Juank_23,6,0,
75,C9,"Paulo Ribeiro",7,0,
76,C9,Idiot,8,0,
77,C9,Trx,9,0,
78,C9,Iribaar,10,0,
79,C10,Argammon,1,0,
80,C10,"Roy Wiegerinck",2,0,
81,C10,Bismarck,3,0,
82,C10,Usrin,4,0,
83,C10,"Bonzai Joe",5,0,
84,C10,"Pershing II",6,0,
85,C10,"Ben Snel",7,0,
86,C10,Dario,8,0,
87,C10,"Zak McKracken",9,0,
88,C10,"Skid Vicious",10,1,
89,C10,J-J,11,0,
90,C10,Juank_23,12,0,
91,C10,Ravager,13,0,
92,C10,Idiot,14,0,
93,C10,"Herr Otto Partz",15,1,
94,C10,Trx,16,0,
95,C10,"Joe Stallin",17,1,
96,C10,"Helen Wheels",18,1,
97,C10,"Bernie Rubber",19,1,
98,C10,"Cherry Chassis",20,1,
99,C11,"Roy Wiegerinck",1,0,
100,C11,"Bonzai Joe",2,0,
101,C11,"Pershing II",3,0,
102,C11,Argammon,4,0,
103,C11,Bismarck,5,0,
104,C11,"Ben Snel",6,0,
105,C11,Dario,7,0,
106,C11,Usrin,8,0,
107,C11,Juank_23,9,0,
108,C11,"Zak McKracken",10,0,
109,C11,"Rui Figueiredo",11,0,
110,C11,Roberto,12,0,
111,C11,"Skid Vicious",13,1,
112,C11,"Herr Otto Partz",14,1,
113,C11,"Helen Wheels",15,1,
114,C11,"Joe Stallin",16,1,
115,C11,"Cherry Chassis",17,1,
116,C11,"Bernie Rubber",18,1,
117,C12,"Roy Wiegerinck",1,0,
118,C12,Argammon,2,0,
119,C12,"Bonzai Joe",3,0,
120,C12,"Ben Snel",4,0,
121,C12,Usrin,5,0,
122,C12,"Akoss Poo",6,0,
123,C12,Bismarck,7,0,
124,C12,"Pershing II",8,0,
125,C12,Dario,9,0,
126,C12,"Fred Merc",10,0,
127,C12,"Judge Greg",11,0,
128,C12,"Skid Vicious",12,1,
129,C12,"Helen Wheels",13,1,
130,C12,"Joe Stallin",14,1,
131,C12,"Zak McKracken",15,0,
132,C12,Eszter,16,0,
133,C12,"Herr Otto Partz",17,1,
134,C12,"Cordi MontSerrat",18,0,
135,C12,Roberto,19,0,
136,C12,Charles,20,0,
137,C12,"Cherry Chassis",21,1,
138,C12,"Bernie Rubber",22,1,
139,C13,"Bonzai Joe",1,0,
140,C13,"Roy Wiegerinck",2,0,
141,C13,"Pershing II",3,0,
142,C13,"Akoss Poo",4,0,
143,C13,"Ben Snel",5,0,
144,C13,Usrin,6,0,
145,C13,Bismarck,7,0,
146,C13,"Zak McKracken",8,0,
147,C13,CTG,9,0,
148,C13,"Cordi MontSerrat",10,0,
149,C13,"Ukyo Katayama",11,1,
150,C13,Eszter,12,0,
151,C13,"Short Cutfinder",13,1,
152,C14,"Roy Wiegerinck",1,0,
153,C14,"Ben Snel",2,0,
154,C14,"Bonzai Joe",3,0,
155,C14,Bismarck,4,0,
156,C14,"Alan Rotoi",5,0,
157,C14,Usrin,6,0,
158,C14,"Akoss Poo",7,0,
159,C14,"Zak McKracken",7,0,
160,C14,CTG,9,0,
161,C14,"Pershing II",10,0,
162,C14,"Cordi MontSerrat",11,0,
163,C14,Juank_23,12,0,
164,C14,"Ukyo Katayama",13,1,
165,C14,Mingva,14,0,
166,C14,"Skid Vicious",15,1,
167,C14,"Herr Otto Partz",16,1,
168,C14,"Eddie Brother",17,0,
169,C14,"Helen Wheels",18,1,
170,C14,"Joe Stallin",19,1,
171,C14,Eszter,20,0,
172,C14,"Bernie Rubber",21,1,
173,C14,"Peter Szabo",22,0,
174,C14,"Cherry Chassis",23,1,
175,C14,SDK,24,0,
176,P1,"Roy Wiegerinck",1,0,
177,P1,"Bonzai Joe",2,0,
178,P1,Mingva,3,0,
179,P1,"Alan Rotoi",4,0,
180,P1,"Pershing II",5,0,
181,P1,Alain,6,0,
182,P1,"Ben Snel",7,0,
183,P1,Usrin,8,0,
184,P1,"Akoss Poo",9,0,
185,P1,"Eddie Brother",10,0,
186,P1,CTG,11,0,
187,P1,"Zak McKracken",12,0,
188,C15,"Roy Wiegerinck",1,0,
189,C15,"Bonzai Joe",2,0,
190,C15,"Alan Rotoi",3,0,
191,C15,"Akoss Poo",4,0,
192,C15,Bismarck,5,0,
193,C15,Usrin,6,0,
194,C15,"Ben Snel",7,0,
195,C15,CTG,8,0,
196,C15,Alain,9,0,
197,C15,Mingva,10,0,
198,C15,"Pershing II",11,0,
199,C15,"Ukyo Katayama",12,1,
200,C15,"Zak McKracken",13,0,
201,C15,Juank_23,14,0,
202,C15,"Eddie Brother",15,0,
203,C15,"Judge Greg",16,0,
204,P2,Mingva,1,0,
205,P2,"Alan Rotoi",2,0,
206,P2,Alain,3,0,
207,P2,"Akoss Poo",4,0,
208,P2,Usrin,4,0,
209,P2,Bismarck,6,0,
210,P2,"Roy Wiegerinck",7,0,
211,P2,"Judge Greg",8,0,
212,P2,CTG,9,0,
213,C16,"Alan Rotoi",1,0,
214,C16,Alain,2,0,
215,C16,"Bonzai Joe",3,0,
216,C16,"Akoss Poo",4,0,
217,C16,Mingva,5,0,
218,C16,"Roy Wiegerinck",6,0,
219,C16,Bismarck,7,0,
220,C16,"Zak McKracken",8,0,
221,C16,"Krys TOFF",9,0,
222,C16,"Eddie Brother",10,0,
223,C16,Usrin,11,0,
224,C16,"Ben Snel",12,0,
225,C16,"Rui Figueiredo",13,0,
226,C16,"Judge Greg",14,0,
227,C16,S@mpi,15,0,
228,C16,"Evair E. Monenegro",16,0,
229,P3,Usrin,1,0,
230,P3,"Akoss Poo",2,0,
231,P3,Alain,3,0,
232,P3,Mingva,4,0,
233,P3,"Krys TOFF",5,0,
234,P3,"Alan Rotoi",6,0,
235,P3,"Bonzai Joe",7,0,
236,P3,CMG,8,0,
237,P3,"Zak McKracken",9,0,
238,P3,"Eddie Brother",10,0,
239,P3,LQR,11,0,
240,P3,S@mpi,12,0,
241,C17,"Alan Rotoi",1,0,
242,C17,"Bonzai Joe",2,0,
243,C17,"Zak McKracken",3,0,
244,C17,"Roy Wiegerinck",4,0,
245,C17,"Akoss Poo",5,0,
246,C17,Alain,6,0,
247,C17,LQR,7,0,
248,C17,Mingva,8,0,
249,C17,Usrin,9,0,
250,C17,"Ben Snel",9,0,
251,C17,"Krys TOFF",11,0,
252,C17,"Rui Figueiredo",12,0,
253,C17,CMG,13,0,
254,C17,"Skid Vicious",14,1,
255,C17,"Herr Otto Partz",15,1,
256,C17,"Shoegazing Leo",16,0,
257,C17,"Joe Stallin",17,1,
258,C17,"Helen Wheels",17,1,
259,C17,Dave,19,0,
260,C17,S@mpi,20,0,
261,C17,"Bernie Rubber",21,1,
262,C17,"Cherry Chassis",22,1,
263,C18,"Alan Rotoi",1,0,
264,C18,Alain,2,0,
265,C18,"Bonzai Joe",3,0,
266,C18,"Ben Snel",4,0,
267,C18,"Zak McKracken",5,0,
268,C18,Mingva,6,0,
269,C18,"Roy Wiegerinck",7,0,
270,C18,CTG,8,0,
271,C18,"Bolo Yeung",9,1,
272,C18,Usrin,10,0,
273,C18,"Krys TOFF",11,0,
274,C18,"Ukyo Katayama",12,1,
275,C18,"Shoegazing Leo",13,0,
276,C18,"Andre Geo",14,0,
277,C19,"Bonzai Joe",1,0,
278,C19,"Alan Rotoi",2,0,
279,C19,Argammon,3,0,
280,C19,"Zak McKracken",3,0,
281,C19,Alain,5,0,
282,C19,Mingva,6,0,
283,C19,"Akoss Poo",7,0,
284,C19,"Krys TOFF",8,0,
285,C19,"Ben Snel",9,0,
286,C19,CTG,10,0,
287,C19,Usrin,11,0,
288,C19,"Ukyo Katayama",12,1,
289,C19,"Bolo Yeung",13,1,
290,C19,"Andre Geo",14,0,
291,C19,"Shoegazing Leo",15,0,
292,C19,"Neil McRae",16,0,
293,C19,Szabee,17,0,
294,C19,Vlad,18,0,
295,C20,"Bonzai Joe",1,0,
296,C20,"Alan Rotoi",2,0,
297,C20,Alain,3,0,
298,C20,"Akoss Poo",4,0,
299,C20,"Zak McKracken",5,0,
300,C20,Usrin,5,0,
301,C20,"Krys TOFF",7,0,
302,C20,Mingva,8,0,
303,C20,CTG,9,0,
304,C20,"Bolo Yeung",10,1,
305,C20,"Shoegazing Leo",11,0,
306,C20,"Andre Geo",12,0,
307,C20,Manowar,13,0,
308,C20,Vlad,14,0,
309,C20,Koenovic,15,0,
310,C21,"Bonzai Joe",1,0,
311,C21,"Alan Rotoi",2,0,
312,C21,"Akoss Poo",3,0,
313,C21,Argammon,4,0,
314,C21,"Krys TOFF",5,0,
315,C21,"Zak McKracken",6,0,
316,C21,Alain,7,0,
317,C21,CTG,8,0,
318,C21,Mingva,9,0,
319,C21,Bismarck,10,0,
320,C21,PedroAntonio,11,0,
321,C21,Usrin,12,0,
322,C21,"Andre Geo",13,0,
323,C21,LQR,14,0,
324,C21,Dayan,15,0,
325,C21,Rudo,16,0,
326,C21,Doelloos,17,0,
327,C21,"Shoegazing Leo",18,0,
328,C21,A.J.,19,0,
329,C21,XDude_NL,20,0,
330,C21,"Eric Rucker",21,0,
331,C21,Koenovic,22,0,
332,C22,"Alan Rotoi",1,0,
333,C22,"Bonzai Joe",2,0,
334,C22,Alain,3,0,
335,C22,"Akoss Poo",3,0,
336,C22,Argammon,5,0,
337,C22,"Zak McKracken",6,0,
338,C22,CTG,7,0,
339,C22,XDude_NL,8,0,
340,C22,Mingva,9,0,
341,C22,Doelloos,10,0,
342,C22,Usrin,11,0,
343,C22,"Krys TOFF",12,0,
344,C22,Dayan,13,0,
345,C22,Rudo,14,0,
346,C22,Bismarck,15,0,
347,C22,"Shoegazing Leo",16,0,
348,C22,PedroAntonio,17,0,
349,C22,"Norbert Schneider",18,0,
350,C23,"Bonzai Joe",1,0,
351,C23,Argammon,2,0,
352,C23,"Akoss Poo",3,0,
353,C23,XDude_NL,4,0,
354,C23,Doelloos,5,0,
355,C23,Icecube,6,0,
356,C23,Mingva,7,0,
357,C23,"Zak McKracken",8,0,
358,C23,Usrin,9,0,
359,C23,"Alan Rotoi",10,0,
360,C23,"Krys TOFF",11,0,
361,C23,CTG,12,0,
362,C23,PedroAntonio,13,0,
363,C23,"Shoegazing Leo",14,0,
364,C23,"Daffy Duck",15,0,
365,C23,"Tweety Bird",16,0,
366,C24,Argammon,1,0,
367,C24,Alain,2,0,
368,C24,"Alan Rotoi",3,0,
369,C24,"Akoss Poo",4,0,
370,C24,"Krys TOFF",5,0,
371,C24,"Bonzai Joe",6,0,
372,C24,Usrin,7,0,
373,C24,CTG,7,0,
374,C24,"Zak McKracken",9,0,
375,C24,Mingva,10,0,
376,C24,XDude_NL,11,0,
377,C24,Doelloos,12,0,
378,C24,"Shoegazing Leo",13,0,
379,C24,"Neil McRae",14,0,
380,C24,"Daffy Duck",15,0,
381,C24,"Tweety Bird",16,0,
382,C25,"Bonzai Joe",1,0,
383,C25,Alain,2,0,
384,C25,"Akoss Poo",3,0,
385,C25,CTG,4,0,
386,C25,"Bolo Yeung",5,1,
387,C25,Usrin,6,0,
388,C25,"Krys TOFF",7,0,
389,C25,"Zak McKracken",8,0,
390,C25,Myron,9,0,
391,C25,"Shoegazing Leo",10,0,
392,C25,Mingva,11,0,
393,C25,Lupuszka,12,0,
394,C25,JTK,13,0,
395,C25,"Neil McRae",14,0,
396,C25,"Tweety Bird",15,0,
397,C25,"Daffy Duck",16,0,
398,C26,Alain,1,0,
399,C26,"Akoss Poo",2,0,
400,C26,"Alan Rotoi",3,0,
401,C26,"Bonzai Joe",4,0,
402,C26,CTG,5,0,
403,C26,"Krys TOFF",6,0,
404,C26,Usrin,7,0,
405,C26,"Zak McKracken",8,0,
406,C26,XDude_NL,9,0,
407,C26,Doelloos,10,0,
408,C26,Argammon,11,0,
409,C26,Mingva,12,0,
410,C26,Myron,13,0,
411,C26,"Shoegazing Leo",14,0,
412,C26,Böbszlee,15,0,
413,C26,Dabuek,16,0,
414,C26,JTK,17,0,
415,C26,"Neil McRae",18,0,
416,C26,"Daffy Duck",19,0,
417,C26,"Tweety Bird",20,0,
418,C26,Schila,21,0,
419,C27,Alain,1,0,
420,C27,"Akoss Poo",2,0,
421,C27,XDude_NL,3,0,
422,C27,Myron,4,0,
423,C27,Doelloos,5,0,
424,C27,"Bonzai Joe",6,0,
425,C27,CTG,7,0,
426,C27,"Zak McKracken",8,0,
427,C27,Usrin,9,0,
428,C27,"Krys TOFF",10,0,
429,C27,satanziege,11,0,
430,C27,"Vasilij Orlov",12,0,
431,C27,Dabuek,13,0,
432,C27,"Shoegazing Leo",14,0,
433,C27,Böbszlee,15,0,
434,C27,JTK,16,0,
435,C27,Schila,17,0,
436,C27,"Neil McRae",18,0,
437,C27,"Daffy Duck",19,0,
438,C27,"Tweety Bird",20,0,
439,C28,Alain,1,0,
440,C28,"Akoss Poo",2,0,
441,C28,XDude_NL,3,0,
442,C28,Usrin,4,0,
443,C28,Doelloos,5,0,
444,C28,"Bonzai Joe",6,0,
445,C28,"Zak McKracken",7,0,
446,C28,"Alan Rotoi",8,0,
447,C28,satanziege,9,0,
448,C28,"Krys TOFF",10,0,
449,C28,"Fernando Brito",11,0,
450,C28,Dabuek,12,0,
451,C28,"Shoegazing Leo",13,0,
452,C28,"Vasilij Orlov",14,0,
453,C28,JTK,15,0,
454,C28,Schila,16,0,
455,C29,Alain,1,0,
456,C29,Argammon,1,0,
457,C29,"Krys TOFF",3,0,
458,C29,Mingva,4,0,
459,C29,"Akoss Poo",5,0,
460,C29,"Fernando Brito",6,0,
461,C29,"Zak McKracken",7,0,
462,C29,Usrin,8,0,
463,C29,"Bonzai Joe",9,0,
464,C29,satanziege,10,0,
465,C29,"Alan Rotoi",11,0,
466,C29,XDude_NL,12,0,
467,C29,Mushi,13,0,
468,C29,"Shoegazing Leo",14,0,
469,C29,Ranger,15,0,
470,C29,JTK,16,0,
471,C29,"Neil McRae",17,0,
472,C29,Dabuek,18,0,
473,C29,KHR,19,0,
474,C30,"Bonzai Joe",1,0,
475,C30,Alain,2,0,
476,C30,"Akoss Poo",3,0,
477,C30,Usrin,4,0,
478,C30,"Zak McKracken",5,0,
479,C30,"Krys TOFF",6,0,
480,C30,Mingva,7,0,
481,C30,satanziege,8,0,
482,C30,"Fernando Brito",9,0,
483,C30,XDude_NL,10,0,
484,C30,THORGAL,11,0,
485,C30,"Kert Rift",12,0,
486,C30,"Shoegazing Leo",13,0,
487,C30,Mushi,14,0,
488,C30,Ranger,15,0,
489,C30,KHR,16,0,
490,C30,JTK,17,0,
491,C30,"Daffy Duck",18,0,
492,C30,"Tweety Bird",19,0,
493,C31,Alain,1,0,
494,C31,Argammon,2,0,
495,C31,"Akoss Poo",3,0,
496,C31,Mingva,4,0,
497,C31,CTG,5,0,
498,C31,"Krys TOFF",6,0,
499,C31,"Zak McKracken",7,0,
500,C31,"Bonzai Joe",8,0,
501,C31,satanziege,9,0,
502,C31,"Fernando Brito",10,0,
503,C31,Ranger,11,0,
504,C31,XDude_NL,12,0,
505,C31,Floflo81,13,0,
506,C31,Looger,14,0,
507,C31,"Shoegazing Leo",15,0,
508,C31,JTK,16,0,
509,C32,Mingva,1,0,
510,C32,Alain,2,0,
511,C32,Argammon,3,0,
512,C32,"Bonzai Joe",4,0,
513,C32,"Krys TOFF",5,0,
514,C32,"Zak McKracken",6,0,
515,C32,"Akoss Poo",7,0,
516,C32,CTG,8,0,
517,C32,"Fernando Brito",9,0,
518,C32,Guga,10,0,
519,C32,Nigno,11,0,
520,C32,satanziege,12,0,
521,C32,Floflo81,13,0,
522,C32,Ranger,14,0,
523,C32,"Shoegazing Leo",15,0,
524,C32,JTK,16,0,
525,C32,"Daffy Duck",17,0,
526,C32,"Tweety Bird",18,0,
527,C33,Argammon,1,0,
528,C33,"Bonzai Joe",2,0,
529,C33,"Akoss Poo",3,0,
530,C33,Mingva,4,0,
531,C33,CTG,5,0,
532,C33,"Zak McKracken",6,0,
533,C33,"Krys TOFF",7,0,
534,C33,Usrin,8,0,
535,C33,Guga,9,0,
536,C33,satanziege,10,0,
537,C33,Alain,11,0,
538,C33,Gutix,12,0,
539,C33,Ranger,13,0,
540,C33,"Shoegazing Leo",14,0,
541,C34,Argammon,1,0,
542,C34,CTG,2,0,
543,C34,"Akoss Poo",3,0,
544,C34,"Zak McKracken",4,0,
545,C34,Alain,5,0,
546,C34,Gutix,6,0,
547,C34,"Bonzai Joe",7,0,
548,C34,"Alan Rotoi",8,0,
549,C34,"Krys TOFF",9,0,
550,C34,Usrin,10,0,
551,C34,satanziege,11,0,
552,C34,DieselJoe,12,0,
553,C34,Mingva,13,0,
554,C34,Guga,14,0,
555,C34,caesar,15,0,
556,C34,"Shoegazing Leo",16,0,
557,C34,"Ford Perfect",17,0,
558,C34,"Daffy Duck",18,0,
559,C34,"Tweety Bird",19,0,
560,C34,Lupuszka,20,0,
561,C34,Ranger,21,0,
562,C35,Argammon,1,0,
563,C35,Alain,2,0,
564,C35,Mingva,3,0,
565,C35,"Akoss Poo",4,0,
566,C35,CTG,5,0,
567,C35,Gutix,6,0,
568,C35,"Bonzai Joe",7,0,
569,C35,"Alan Rotoi",8,0,
570,C35,Usrin,9,0,
571,C35,"Zak McKracken",10,0,
572,C35,DarkChaser,11,0,
573,C35,satanziege,12,0,
574,C35,"Shoegazing Leo",13,0,
575,C35,caesar,14,0,
576,C35,Guga,15,0,
577,C35,DieselJoe,16,0,
578,C35,"Krys TOFF",17,0,
579,C35,JTK,18,0,
580,C35,"Tweety Bird",19,0,
581,C36,Gutix,1,0,
582,C36,CTG,2,0,
583,C36,"Akoss Poo",3,0,
584,C36,"Bonzai Joe",4,0,
585,C36,"Alan Rotoi",5,0,
586,C36,Usrin,6,0,
587,C36,"Krys TOFF",7,0,
588,C36,"Zak McKracken",8,0,
589,C36,DarkChaser,9,0,
590,C36,DieselJoe,10,0,
591,C36,Mingva,11,0,
592,C36,Alain,12,0,
593,C36,satanziege,13,0,
594,C36,"Shoegazing Leo",14,0,
595,C36,Guga,15,0,
596,C37,Gutix,1,0,
597,C37,"Akoss Poo",2,0,
598,C37,CTG,3,0,
599,C37,"Krys TOFF",4,0,
600,C37,Usrin,5,0,
601,C37,Argammon,6,0,
602,C37,"Bonzai Joe",7,0,
603,C37,"Zak McKracken",8,0,
604,C37,Alain,9,0,
605,C37,DarkChaser,10,0,
606,C37,satanziege,11,0,
607,C37,"Shoegazing Leo",12,0,
608,C37,CM,13,0,
609,C38,Gutix,1,0,
610,C38,"Akoss Poo",2,0,
611,C38,CTG,3,0,
612,C38,"Bonzai Joe",4,0,
613,C38,Argammon,5,0,
614,C38,Mingva,6,0,
615,C38,"Krys TOFF",7,0,
616,C38,"Zak McKracken",8,0,
617,C38,"Alan Rotoi",9,0,
618,C38,Usrin,10,0,
619,C38,DarkChaser,11,0,
620,C38,satanziege,12,0,
621,C38,"Shoegazing Leo",13,0,
622,C39,Alain,1,0,
623,C39,"Bonzai Joe",2,0,
624,C39,Gutix,3,0,
625,C39,Mingva,4,0,
626,C39,"Akoss Poo",5,0,
627,C39,Usrin,6,0,
628,C39,CTG,7,0,
629,C39,"Krys TOFF",8,0,
630,C39,"Zak McKracken",9,0,
631,C39,"Alan Rotoi",10,0,
632,C39,DarkChaser,11,0,
633,C39,satanziege,12,0,
634,C39,DieselJoe,13,0,
635,C39,Mr.Hiccup,14,0,
636,C39,"Shoegazing Leo",15,0,
637,C39,lise,16,0,EX1
638,C40,Alain,1,0,
639,C40,Gutix,2,0,
640,C40,"Akoss Poo",3,0,
641,C40,CTG,4,0,
642,C40,"Zak McKracken",5,0,
643,C40,"Bonzai Joe",6,0,
644,C40,"Krys TOFF",7,0,
645,C40,Mingva,8,0,
646,C40,satanziege,9,0,
647,C40,DarkChaser,10,0,
648,C40,"Alan Rotoi",11,0,
649,C40,DieselJoe,12,0,
650,C40,TurboJack,13,0,
651,C40,"Shoegazing Leo",14,0,
652,C40,DiegoSM,15,0,
653,C40,Cyberman,16,0,
654,C40,Orgona,17,0,
655,C41,Gutix,1,0,
656,C41,"Akoss Poo",2,0,
657,C41,Alain,3,0,
658,C41,"Bonzai Joe",4,0,
659,C41,Usrin,5,0,
660,C41,"Alan Rotoi",6,0,
661,C41,"Krys TOFF",7,0,
662,C41,CTG,8,0,
663,C41,DieselJoe,9,0,
664,C41,"Zak McKracken",10,0,
665,C41,satanziege,11,0,
666,C41,DarkChaser,12,0,
667,C41,TurboJack,13,0,
668,C41,"Shoegazing Leo",14,0,
669,C41,Mr.Hiccup,15,0,
670,C41,Cyberman,16,0,
671,C41,Trx,17,0,
672,C42,"Bonzai Joe",1,0,
673,C42,"Alan Rotoi",2,0,
674,C42,"Akoss Poo",3,0,
675,C42,Gutix,4,0,
676,C42,Usrin,5,0,
677,C42,"Krys TOFF",6,0,
678,C42,DarkChaser,7,0,
679,C42,DieselJoe,8,0,
680,C42,"Zak McKracken",9,0,
681,C42,Alain,10,0,
682,C42,satanziege,11,0,
683,C42,"Shoegazing Leo",12,0,
684,C42,lise,13,0,
685,C42,Dinmor,14,0,
686,C42,KHR,15,0,
687,C42,DarkLady,16,0,
688,C42,JTK,17,0,
689,C43,Gutix,1,0,
690,C43,"Akoss Poo",2,0,
691,C43,Mingva,3,0,
692,C43,"Bonzai Joe",4,0,
693,C43,"Zak McKracken",5,0,
694,C43,"Alan Rotoi",6,0,
695,C43,DarkChaser,7,0,
696,C43,CTG,8,0,
697,C43,Usrin,9,0,
698,C43,"Krys TOFF",10,0,
699,C43,DieselJoe,10,0,
700,C43,satanziege,12,0,
701,C43,phoxetis,13,0,
702,C43,lise,14,0,
703,C43,Dinmor,15,0,
704,C43,"Shoegazing Leo",16,0,
705,C44,Gutix,1,0,
706,C44,"Bonzai Joe",2,0,
707,C44,CTG,3,0,
708,C44,"Akoss Poo",4,0,
709,C44,"Alan Rotoi",5,0,
710,C44,"Krys TOFF",6,0,
711,C44,DieselJoe,7,0,
712,C44,"Zak McKracken",7,0,
713,C44,Usrin,9,0,
714,C44,Mingva,10,0,
715,C44,DarkChaser,11,0,
716,C44,satanziege,12,0,
717,C44,lise,13,0,
718,C44,Alain,14,0,
719,C45,CTG,1,0,
720,C45,"Akoss Poo",2,0,
721,C45,Gutix,3,0,
722,C45,Usrin,4,0,
723,C45,"Bonzai Joe",5,0,
724,C45,DieselJoe,6,0,
725,C45,"Krys TOFF",7,0,
726,C45,Mingva,8,0,
727,C45,DarkChaser,9,0,
728,C45,"Zak McKracken",10,0,
729,C45,"Alan Rotoi",11,0,
730,C45,Alain,12,0,
731,C45,satanziege,13,0,
732,C45,caesar,14,0,
733,C45,"Blind Ryan",15,0,
734,C46,Gutix,1,0,
735,C46,"Alan Rotoi",2,0,
736,C46,"Bonzai Joe",3,0,
737,C46,Alain,4,0,
738,C46,Argammon,5,0,
739,C46,CTG,6,0,
740,C46,"Zak McKracken",7,0,
741,C46,Usrin,8,0,
742,C46,"Krys TOFF",9,0,
743,C46,DarkChaser,10,0,
744,C46,DieselJoe,11,0,
745,C46,Dottore,12,1,
746,C46,"Shoegazing Leo",13,0,
747,C46,AbuRaf70,14,0,
748,C46,Ranger,15,0,
749,C46,Dinmor,16,0,
750,C46,caesar,17,0,
751,C46,satanziege,18,0,
752,C46,offthewall,19,0,
753,C46,"Tweety Bird",20,0,
754,C47,"Alan Rotoi",1,0,
755,C47,Argammon,2,0,
756,C47,Alain,3,0,
757,C47,Gutix,4,0,
758,C47,"Bonzai Joe",5,0,
759,C47,CTG,6,0,
760,C47,DarkChaser,7,0,
761,C47,"Zak McKracken",8,0,
762,C47,DieselJoe,9,0,
763,C47,"Akoss Poo",10,0,
764,C47,"Krys TOFF",11,0,
765,C47,Paleke,12,0,
766,C47,AbuRaf70,13,0,
767,C47,"Shoegazing Leo",14,0,
768,C47,"Stunts GrimReaper",15,0,
769,C47,Dinmor,16,0,
770,C47,lise,17,0,
771,C47,offthewall,18,0,
772,C47,"N. Oliveira",19,0,
773,C47,NicoPelu,20,0,DSQ
774,C48,CTG,1,0,
775,C48,"Bonzai Joe",2,0,
776,C48,Alain,3,0,
777,C48,Argammon,4,0,
778,C48,Ayrton,5,0,
779,C48,DarkChaser,6,0,
780,C48,"Krys TOFF",7,0,
781,C48,"Zak McKracken",8,0,
782,C48,"Alan Rotoi",9,0,
783,C48,Dottore,10,1,
784,C48,DieselJoe,11,0,
785,C48,Usrin,12,0,
786,C48,satanziege,13,0,
787,C48,Paleke,14,0,
788,C48,AbuRaf70,15,0,
789,C48,"Shoegazing Leo",16,0,
790,C48,Jufictus,17,0,
791,C48,Umberto,18,0,
792,C48,lise,19,0,
793,C48,Dinmor,20,0,
794,C48,NicoPelu,21,0,
795,C48,Chulk,22,0,DSQ
796,C49,CTG,1,0,
797,C49,Gutix,2,0,
798,C49,Ayrton,3,0,
799,C49,Alain,4,0,
800,C49,vamologocomisso,5,0,
801,C49,Argammon,6,0,
802,C49,Chulk,7,0,
803,C49,DarkChaser,8,0,
804,C49,Dottore,9,1,
805,C49,"Zak McKracken",10,0,
806,C49,"Krys TOFF",11,0,
807,C49,Usrin,12,0,
808,C49,DieselJoe,13,0,
809,C49,Paleke,14,0,
810,C49,AbuRaf70,15,0,
811,C49,von_SPEK,16,0,
812,C49,Dinmor,17,0,
813,C49,"Bonzai Joe",18,0,
814,C49,SergioBaro,19,0,
815,C49,"Shoegazing Leo",20,0,
816,C49,lise,21,0,
817,C50,Alain,1,0,
818,C50,DarkChaser,2,0,
819,C50,vamologocomisso,3,0,
820,C50,"Krys TOFF",4,0,
821,C50,Ayrton,5,0,
822,C50,Usrin,6,0,
823,C50,Chulk,7,0,
824,C50,Dottore,8,1,
825,C50,"Zak McKracken",9,0,
826,C50,AbuRaf70,10,0,
827,C50,Johnny-K,11,0,
828,C50,SergioBaro,12,0,
829,C50,Paleke,13,0,
830,C50,"Shoegazing Leo",14,0,
831,C50,Dinmor,15,0,
832,C50,satanziege,16,0,
833,C51,Gutix,1,0,
834,C51,Chulk,2,0,
835,C51,Ayrton,3,0,
836,C51,Alain,4,0,
837,C51,Argammon,5,0,
838,C51,CTG,6,0,
839,C51,DarkChaser,7,0,
840,C51,Usrin,8,0,
841,C51,"Zak McKracken",9,0,
842,C51,vamologocomisso,10,0,
843,C51,Dottore,11,1,
844,C51,"Krys TOFF",12,0,
845,C51,AbuRaf70,13,0,
846,C51,Mingva,14,0,
847,C51,Dragonfly,15,1,
848,C51,Freeza,16,1,
849,C51,SergioBaro,17,0,
850,C51,Paleke,18,0,
851,C51,Johnny-K,19,0,
852,C51,"Bonzai Joe",20,0,
853,C51,"Shoegazing Leo",21,0,
854,C51,StolenBike,22,0,
855,C51,"Chicken in the oven",23,1,
856,C51,satanziege,24,0,
857,C51,lise,25,0,
858,C51,Tirgen,26,0,DSQ
859,C52,Ayrton,1,0,
860,C52,Argammon,2,0,
861,C52,"Akoss Poo",3,0,
862,C52,Gutix,4,0,
863,C52,CTG,5,0,
864,C52,Chulk,6,0,
865,C52,Alain,7,0,
866,C52,"Krys TOFF",8,0,
867,C52,DarkChaser,9,0,
868,C52,"Zak McKracken",10,0,
869,C52,vamologocomisso,11,0,
870,C52,Dottore,12,1,
871,C52,Dragonfly,13,1,
872,C52,AbuRaf70,14,0,
873,C52,Usrin,15,0,
874,C52,Navras,16,1,
875,C52,Johnny-K,17,0,
876,C52,SergioBaro,18,0,
877,C52,StolenBike,19,0,
878,C52,DieselJoe,20,0,
879,C52,Paleke,21,0,
880,C52,"Shoegazing Leo",22,0,
881,C52,Tirgen,23,0,
882,C52,"Wrecking Punk",24,1,
883,C52,HappyWorm,25,0,
884,C52,attis,26,0,
885,C52,TurboJack,27,0,
886,C52,AlanChuytrix70,28,1,DSQ
887,C53,"Akoss Poo",1,0,
888,C53,Ayrton,2,0,
889,C53,Gutix,3,0,
890,C53,CTG,4,0,
891,C53,Dragonfly,5,1,
892,C53,Chulk,6,0,
893,C53,Alain,7,0,
894,C53,"Zak McKracken",8,0,
895,C53,AbuRaf70,9,0,
896,C53,Navras,10,1,
897,C53,"Krys TOFF",11,0,
898,C53,SergioBaro,12,0,
899,C53,DieselJoe,13,0,
900,C53,Johnny-K,14,0,
901,C53,Paleke,15,0,
902,C53,Dinmor,16,0,
903,C53,"Andrea Sacchi",17,1,
904,C53,satanziege,18,0,
905,C53,"Desert Ice",19,1,
906,C53,"Shoegazing Leo",20,0,
907,C53,Tirgen,21,0,
908,C53,"FTC Stormy Scamps",22,1,
909,C54,Ayrton,1,0,
910,C54,Chulk,2,0,
911,C54,CTG,3,0,
912,C54,"Akoss Poo",4,0,
913,C54,Gutix,5,0,
914,C54,Usrin,6,0,
915,C54,DarkChaser,7,0,
916,C54,vamologocomisso,8,0,
917,C54,"Alan Rotoi",9,0,
918,C54,Dottore,10,1,
919,C54,Alain,11,0,
920,C54,"Zak McKracken",12,0,
921,C54,"Krys TOFF",13,0,
922,C54,AbuRaf70,14,0,
923,C54,Johnny-K,15,0,
924,C54,Navras,16,1,
925,C54,Paleke,17,0,
926,C54,SergioBaro,18,0,
927,C54,"Milka Hakkinen",19,1,
928,C54,mislav,20,0,
929,C54,DieselJoe,21,0,
930,C54,satanziege,22,0,
931,C54,"Shoegazing Leo",23,0,
932,C54,lise,24,0,
933,C54,testerlnx,25,0,
934,C55,"Bonzai Joe",1,0,
935,C55,Ayrton,2,0,
936,C55,CTG,3,0,
937,C55,Alain,4,0,
938,C55,Chulk,5,0,
939,C55,"Zak McKracken",6,0,
940,C55,"Akoss Poo",7,0,
941,C55,Dottore,8,1,
942,C55,Usrin,8,0,
943,C55,DarkChaser,10,0,
944,C55,"Alan Rotoi",11,0,
945,C55,"Krys TOFF",12,0,
946,C55,"Super Pursuit Mode",13,1,
947,C55,DieselJoe,14,0,
948,C55,Navras,15,1,
949,C55,Dragonfly,16,1,
950,C55,AbuRaf70,17,0,
951,C55,H-Bomb,18,1,
952,C55,XTorres,19,1,
953,C55,mislav,20,0,
954,C55,Freeza,21,1,
955,C55,Tirgen,22,0,
956,C55,satanziege,23,0,
957,C55,SergioBaro,24,0,
958,C55,Paleke,25,0,
959,C55,"Shoegazing Leo",26,0,
960,C55,"Flying Samba Racer",27,0,
961,C55,lise,28,0,
962,C55,Zweigelt,29,1,
963,C55,Ursin,30,1,DSQ
964,C55,docu,30,0,DSQ
965,C56,Ayrton,1,0,
966,C56,Gutix,2,0,
967,C56,Alain,3,0,
968,C56,CTG,4,0,
969,C56,DarkChaser,5,0,
970,C56,Dottore,6,1,
971,C56,"Bonzai Joe",7,0,
972,C56,"Akoss Poo",8,0,
973,C56,mislav,9,0,
974,C56,"Zak McKracken",10,0,
975,C56,Chulk,11,0,
976,C56,Navras,12,1,
977,C56,DieselJoe,13,0,
978,C56,Usrin,14,0,
979,C56,"Krys TOFF",15,0,
980,C56,AbuRaf70,16,0,
981,C56,Freeza,17,1,
982,C56,"Shoegazing Leo",18,0,
983,C56,Paleke,19,0,
984,C56,BeerBor,19,1,
985,C56,SergioBaro,20,0,
986,C56,Marci,21,0,EX1
987,C57,Chulk,1,0,
988,C57,Ayrton,2,0,
989,C57,CTG,3,0,
990,C57,Alain,4,0,
991,C57,Mingva,5,0,
992,C57,Navras,6,1,
993,C57,Dottore,7,1,
994,C57,"Zak McKracken",8,0,
995,C57,DarkChaser,9,0,
996,C57,mislav,10,0,
997,C57,Usrin,11,0,
998,C57,"Bonzai Joe",12,0,
999,C57,"Krys TOFF",13,0,
1000,C57,AbuRaf70,14,0,
1001,C57,DieselJoe,15,0,
1002,C57,Fuoco,16,0,
1003,C57,SergioBaro,17,0,
1004,C57,MiDiaN,18,0,
1005,C57,"Shoegazing Leo",19,0,
1006,C57,Marci,20,0,
1007,C57,Paleke,21,0,
1008,C58,Ayrton,1,0,
1009,C58,Alain,2,0,
1010,C58,"Renato Biker",3,0,
1011,C58,Chulk,4,0,
1012,C58,CTG,5,0,
1013,C58,DarkChaser,6,0,
1014,C58,Jules,7,0,
1015,C58,vamologocomisso,8,0,
1016,C58,"Zak McKracken",9,0,
1017,C58,"Bonzai Joe",10,0,
1018,C58,mislav,11,0,
1019,C58,AbuRaf70,12,0,
1020,C58,Usrin,13,0,
1021,C58,"Krys TOFF",14,0,
1022,C58,Paleke,15,0,
1023,C58,"Shoegazing Leo",16,0,
1024,C58,hek,17,0,
1025,C58,Johnny-K,18,0,
1026,C58,Marci,19,0,
1027,C59,Ayrton,1,0,
1028,C59,"Renato Biker",2,0,
1029,C59,Alain,3,0,
1030,C59,"Bonzai Joe",4,0,
1031,C59,CTG,5,0,
1032,C59,Chulk,6,0,
1033,C59,DarkChaser,7,0,
1034,C59,Jules,8,0,
1035,C59,"Zak McKracken",9,0,
1036,C59,mislav,10,0,
1037,C59,vamologocomisso,11,0,
1038,C59,"Alan Rotoi",12,0,
1039,C59,"Krys TOFF",13,0,
1040,C59,AbuRaf70,14,0,
1041,C59,SergioBaro,15,0,
1042,C59,Guste,16,0,
1043,C59,Paleke,17,0,
1044,C59,Jr,18,0,
1045,C59,hek,19,0,
1046,C59,"Shoegazing Leo",20,0,
1047,C59,JTK,21,0,
1048,C59,satanziege,22,0,
1049,C59,lise,23,0,
1050,C60,Argammon,1,0,
1051,C60,Ayrton,2,0,
1052,C60,"Renato Biker",3,0,
1053,C60,Chulk,4,0,
1054,C60,Alain,5,0,
1055,C60,"Bonzai Joe",6,0,
1056,C60,CTG,7,0,
1057,C60,mislav,8,0,
1058,C60,"Zak McKracken",9,0,
1059,C60,Navras,10,1,
1060,C60,DarkChaser,11,0,
1061,C60,"Alan Rotoi",12,0,
1062,C60,AbuRaf70,13,0,
1063,C60,Usrin,14,0,
1064,C60,"Mark L. Rivers",15,0,
1065,C60,"Krys TOFF",16,0,
1066,C60,SergioBaro,17,0,
1067,C60,"Shoegazing Leo",18,0,
1068,C60,Jules,19,0,
1069,C60,Paleke,20,0,
1070,C60,lise,21,0,
1071,C60,hek,22,0,
1072,C60,JTK,23,0,
1073,C60,"Gelato Baker",24,1,DSQ
1074,C60,"Chicago Striker",24,1,DSQ
1075,C61,Ayrton,1,0,
1076,C61,CTG,2,0,
1077,C61,Argammon,3,0,
1078,C61,Alain,4,0,
1079,C61,Chulk,5,0,
1080,C61,"Renato Biker",6,0,
1081,C61,"Zak McKracken",7,0,
1082,C61,vamologocomisso,8,0,
1083,C61,DarkChaser,9,0,
1084,C61,"Mark L. Rivers",10,0,
1085,C61,"Alan Rotoi",11,0,
1086,C61,"Bonzai Joe",12,0,
1087,C61,AbuRaf70,13,0,
1088,C61,mislav,14,0,
1089,C61,SuperBrian,15,0,
1090,C61,SergioBaro,16,0,
1091,C61,"Krys TOFF",17,0,
1092,C61,Paleke,18,0,
1093,C61,satanziege,19,0,
1094,C61,Lene,20,0,
1095,C61,JTK,21,0,
1096,C62,"Bonzai Joe",1,0,
1097,C62,Gutix,2,0,
1098,C62,CTG,3,0,
1099,C62,"Renato Biker",4,0,
1100,C62,mislav,5,0,
1101,C62,DarkChaser,6,0,
1102,C62,"Zak McKracken",7,0,
1103,C62,Navras,8,1,
1104,C62,Chulk,9,0,
1105,C62,AbuRaf70,10,0,
1106,C62,"Mark L. Rivers",11,0,
1107,C62,SergioBaro,12,0,
1108,C62,"Krys TOFF",13,0,
1109,C62,Alain,14,0,
1110,C62,SuperBrian,15,0,
1111,C62,hek,16,0,
1112,C62,Paleke,17,0,
1113,C62,"Shoegazing Leo",18,0,
1114,C62,Marci,19,0,
1115,C62,Lene,20,0,
1116,C62,JTK,21,0,
1117,C63,"Renato Biker",1,0,
1118,C63,"Zak McKracken",2,0,
1119,C63,"Bonzai Joe",3,0,
1120,C63,Ayrton,4,0,
1121,C63,Argammon,5,0,
1122,C63,DarkChaser,6,0,
1123,C63,CTG,7,0,
1124,C63,Alain,8,0,
1125,C63,Navras,9,1,
1126,C63,Chulk,10,0,
1127,C63,mislav,11,0,
1128,C63,"Mark L. Rivers",12,0,
1129,C63,vamologocomisso,13,0,
1130,C63,"Krys TOFF",14,0,
1131,C63,AbuRaf70,15,0,
1132,C63,SuperBrian,16,0,
1133,C63,PedroAntonio,17,0,
1134,C63,SergioBaro,18,0,
1135,C63,Paleke,19,0,
1136,C63,hek,19,0,
1137,C63,Johnny-K,21,0,
1138,C63,JTK,22,0,
1139,C63,Marci,23,0,
1140,C63,"Shoegazing Leo",24,0,
1141,C63,Lene,25,0,
1142,C63,4.44.45,26,0,EX1
1143,C64,"Renato Biker",1,0,
1144,C64,CTG,2,0,
1145,C64,"Zak McKracken",3,0,
1146,C64,"Bonzai Joe",4,0,
1147,C64,DarkChaser,5,0,
1148,C64,mislav,6,0,
1149,C64,Chulk,7,0,
1150,C64,Alain,7,0,
1151,C64,AbuRaf70,9,0,
1152,C64,"Krys TOFF",10,0,
1153,C64,"Mark L. Rivers",11,0,
1154,C64,SuperBrian,12,0,
1155,C64,AMG,13,0,
1156,C64,DieselJoe,14,0,
1157,C64,SergioBaro,15,0,
1158,C64,hek,16,0,
1159,C64,Johnny-K,17,0,
1160,C64,PedroAntonio,18,0,
1161,C64,Marci,19,0,
1162,C64,JTK,20,0,
1163,C65,"Renato Biker",1,0,
1164,C65,Ayrton,2,0,
1165,C65,"Bonzai Joe",3,0,
1166,C65,CTG,4,0,
1167,C65,Chulk,5,0,
1168,C65,DarkChaser,6,0,
1169,C65,Alain,7,0,
1170,C65,"Mark L. Rivers",8,0,
1171,C65,AbuRaf70,9,0,
1172,C65,"Zak McKracken",10,0,
1173,C65,Jules,11,0,
1174,C65,mislav,12,0,
1175,C65,DieselJoe,13,0,
1176,C65,"Krys TOFF",13,0,
1177,C65,SuperBrian,15,0,
1178,C65,AMG,16,0,
1179,C65,SergioBaro,17,0,
1180,C65,Paleke,18,0,
1181,C65,Johnny-K,19,0,
1182,C65,PedroAntonio,20,0,
1183,C65,"Shoegazing Leo",21,0,
1184,C65,Quanto,22,0,
1185,C65,corneta,23,0,DSQ
1186,C66,CTG,1,0,
1187,C66,Ayrton,2,0,
1188,C66,"Bonzai Joe",3,0,
1189,C66,"Renato Biker",4,0,
1190,C66,"Alan Rotoi",5,0,
1191,C66,Chulk,6,0,
1192,C66,DarkChaser,7,0,
1193,C66,"Zak McKracken",8,0,
1194,C66,mislav,9,0,
1195,C66,Dottore,10,1,
1196,C66,AbuRaf70,11,0,
1197,C66,DieselJoe,12,0,
1198,C66,"Krys TOFF",13,0,
1199,C66,SuperBrian,14,0,
1200,C66,Dinmor,15,0,
1201,C66,hek,16,0,
1202,C66,JTK,17,0,
1203,C66,"Bolo Yeung",18,1,DSQ
1204,C67,Ayrton,1,0,
1205,C67,"Renato Biker",2,0,
1206,C67,CTG,3,0,
1207,C67,"Bonzai Joe",4,0,
1208,C67,"Krys TOFF",5,0,
1209,C67,mislav,6,0,
1210,C67,Chulk,7,0,
1211,C67,AbuRaf70,8,0,
1212,C67,"Zak McKracken",9,0,
1213,C67,SuperBrian,10,0,
1214,C67,DieselJoe,11,0,
1215,C67,"Shoegazing Leo",12,0,
1216,C67,Dinmor,13,0,
1217,C67,SergioBaro,14,0,
1218,C67,JTK,15,0,
1219,C67,locura2584,16,0,
1220,C68,"Renato Biker",1,0,
1221,C68,Alain,2,0,
1222,C68,Ayrton,3,0,
1223,C68,Chulk,4,0,
1224,C68,DarkChaser,5,0,
1225,C68,CTG,5,0,
1226,C68,mislav,7,0,
1227,C68,Dottore,8,1,
1228,C68,"Zak McKracken",9,0,
1229,C68,"Mark L. Rivers",10,0,
1230,C68,AbuRaf70,11,0,
1231,C68,"Krys TOFF",12,0,
1232,C68,SuperBrian,13,0,
1233,C68,SergioBaro,14,0,
1234,C68,"Shoegazing Leo",15,0,
1235,C68,Lene,16,0,
1236,C68,JTK,17,0,
1237,C68,"Bonzai Joe",18,0,EX1
1238,C69,"Renato Biker",1,0,
1239,C69,CTG,2,0,
1240,C69,Alain,3,0,
1241,C69,vamologocomisso,4,0,
1242,C69,Dottore,5,1,
1243,C69,DarkChaser,6,0,
1244,C69,"Zak McKracken",7,0,
1245,C69,"Bonzai Joe",8,0,
1246,C69,SuperBrian,9,0,
1247,C69,Chulk,10,0,
1248,C69,"Krys TOFF",11,0,
1249,C69,AbuRaf70,12,0,
1250,C69,"Shoegazing Leo",13,0,
1251,C69,ThugBone,14,0,
1252,C69,JTK,15,0,
1253,C69,Lene,16,0,
1254,C70,Gutix,1,0,
1255,C70,CTG,2,0,
1256,C70,"Bonzai Joe",3,0,
1257,C70,"Renato Biker",4,0,
1258,C70,"Zak McKracken",5,0,
1259,C70,AbuRaf70,6,0,
1260,C70,SuperBrian,7,0,
1261,C70,"Krys TOFF",8,0,
1262,C70,hek,9,0,
1263,C70,"Shoegazing Leo",10,0,
1264,C70,JTK,11,0,
1265,C71,Ayrton,1,0,
1266,C71,"Bonzai Joe",2,0,
1267,C71,Dottore,3,1,
1268,C71,"Zak McKracken",4,0,
1269,C71,SuperBrian,5,0,
1270,C71,AbuRaf70,6,0,
1271,C71,phoxetis,7,0,
1272,C71,ADPunk,8,0,
1273,C71,Paleke,9,0,
1274,C71,"Krys TOFF",10,0,
1275,C71,JTK,11,0,
1276,C71,AMG,12,0,DSQ
1277,C72,Ayrton,1,0,
1278,C72,"Mark L. Rivers",2,0,
1279,C72,"Zak McKracken",3,0,
1280,C72,CTG,4,0,
1281,C72,mislav,5,0,
1282,C72,"Bonzai Joe",6,0,
1283,C72,Chulk,7,0,
1284,C72,DieselJoe,8,0,
1285,C72,AbuRaf70,9,0,
1286,C72,"Krys TOFF",10,0,
1287,C72,SuperBrian,11,0,
1288,C72,Paleke,12,0,
1289,C72,JTK,13,0,
1290,C73,CTG,1,0,
1291,C73,"Zak McKracken",2,0,
1292,C73,"Krys TOFF",3,0,
1293,C73,SuperBrian,4,0,
1294,C73,Chulk,5,0,
1295,C73,AbuRaf70,6,0,
1296,C73,Paleke,7,0,
1297,C73,ADPunk,8,0,
1298,C73,HTE,9,0,
1299,C73,JTK,10,0,
1300,C74,"Mark L. Rivers",1,0,
1301,C74,CTG,2,0,
1302,C74,"Zak McKracken",3,0,
1303,C74,"Krys TOFF",4,0,
1304,C74,Chulk,5,0,
1305,C74,SuperBrian,6,0,
1306,C74,AbuRaf70,7,0,
1307,C74,JTK,8,0,
1308,C74,Paleke,9,0,
1309,C74,"Mark Nailwood (ghost)",10,1,DSQ
1310,C74,"Geovani da Silva (ghost)",10,1,DSQ
1311,C75,CTG,1,0,
1312,C75,Chulk,2,0,
1313,C75,"Mark L. Rivers",3,0,
1314,C75,Navras,4,1,
1315,C75,Dottore,5,1,
1316,C75,AbuRaf70,6,0,
1317,C75,"Krys TOFF",7,0,
1318,C75,Paleke,8,0,
1319,C75,jey,9,0,
1320,C75,JTK,10,0,
1321,C76,CTG,1,0,
1322,C76,"Mark L. Rivers",2,0,
1323,C76,Chulk,3,0,
1324,C76,Duplode,4,0,
1325,C76,AbuRaf70,5,0,
1326,C76,"Krys TOFF",6,0,
1327,C76,"Zak McKracken",7,0,
1328,C76,SergioBaro,8,0,
1329,C76,Paleke,9,0,
1330,C76,JTK,10,0,
1331,C77,CTG,1,0,
1332,C77,Dottore,2,1,
1333,C77,"Mark L. Rivers",3,0,
1334,C77,Duplode,4,0,
1335,C77,"Krys TOFF",5,0,
1336,C77,Chulk,6,0,
1337,C77,JTK,7,0,
1338,C78,CTG,1,0,
1339,C78,"Mark L. Rivers",2,0,
1340,C78,Duplode,3,0,
1341,C78,AbuRaf70,4,0,
1342,C78,"Krys TOFF",5,0,
1343,C78,Chulk,6,0,
1344,C78,SuperBrian,7,0,
1345,C78,Paleke,8,0,
1346,C78,JTK,9,0,
1347,C79,Ayrton,1,0,
1348,C79,Duplode,2,0,
1349,C79,Chulk,3,0,
1350,C79,"Mark L. Rivers",4,0,
1351,C79,"Alan Rotoi",5,0,
1352,C79,AbuRaf70,6,0,
1353,C79,mislav,7,0,
1354,C79,"Krys TOFF",8,0,
1355,C79,"Zak McKracken",9,0,
1356,C79,SuperBrian,10,0,
1357,C79,SergioBaro,11,0,
1358,C79,Simon82,12,0,EX2
1359,C79,satanziege,13,0,
1360,C79,JTK,14,0,
1361,C79,"Bonzai Joe",15,0,EX2
1362,C80,Ayrton,1,0,
1363,C80,"Mark L. Rivers",2,0,
1364,C80,Duplode,3,0,
1365,C80,Chulk,4,0,
1366,C80,AbuRaf70,5,0,
1367,C80,"Zak McKracken",6,0,
1368,C80,SuperBrian,7,0,
1369,C80,Usrin,8,0,
1370,C80,"Krys TOFF",9,0,
1371,C80,AMG,10,0,
1372,C80,satanziege,11,0,
1373,C80,SergioBaro,12,0,
1374,C80,JTK,13,0,
1375,C81,Ayrton,1,0,
1376,C81,Chulk,2,0,
1377,C81,"Mark L. Rivers",3,0,
1378,C81,"Bonzai Joe",4,0,
1379,C81,Duplode,5,0,
1380,C81,DarkChaser,6,0,
1381,C81,AbuRaf70,7,0,
1382,C81,"Zak McKracken",8,0,
1383,C81,"Krys TOFF",9,0,
1384,C81,SuperBrian,10,0,
1385,C81,Turkey,11,0,
1386,C81,AMG,12,0,
1387,C81,Freddy,13,0,EX3
1388,C82,Ayrton,1,0,
1389,C82,"Bonzai Joe",2,0,
1390,C82,CTG,3,0,
1391,C82,"Mark L. Rivers",4,0,
1392,C82,AbuRaf70,5,0,
1393,C82,Duplode,6,0,
1394,C82,DarkChaser,7,0,
1395,C82,"Zak McKracken",8,0,
1396,C82,SuperBrian,9,0,
1397,C82,Chulk,10,0,
1398,C82,"Krys TOFF",11,0,
1399,C82,Pavekiller,12,0,
1400,C82,Freddy,13,0,
1401,C82,Böbszlee,14,0,
1402,C82,Turkey,15,0,
1403,C82,AMG,16,0,
1404,C82,Lene,17,0,EX3
1405,C82,Marci,18,0,EX3
1406,C83,Ayrton,1,0,
1407,C83,Duplode,2,0,
1408,C83,"Mark L. Rivers",3,0,
1409,C83,DarkChaser,4,0,
1410,C83,"Bonzai Joe",5,0,
1411,C83,SuperBrian,6,0,
1412,C83,Chulk,7,0,
1413,C83,"Zak McKracken",8,0,
1414,C83,AbuRaf70,9,0,
1415,C83,"Krys TOFF",10,0,
1416,C83,Pavekiller,11,0,
1417,C83,dstien,12,0,
1418,C83,Antti,13,0,EX3
1419,C83,Lene,14,0,EX3
1420,C84,Ayrton,1,0,
1421,C84,Duplode,2,0,
1422,C84,"Mark L. Rivers",3,0,
1423,C84,CTG,4,0,
1424,C84,"Bonzai Joe",5,0,
1425,C84,AbuRaf70,6,0,
1426,C84,SuperBrian,7,0,
1427,C84,"Zak McKracken",8,0,
1428,C84,"Krys TOFF",9,0,
1429,C84,dstien,10,0,
1430,C84,Antti,11,0,
1431,C85,Ayrton,1,0,
1432,C85,"Alan Rotoi",2,0,
1433,C85,CTG,3,0,
1434,C85,Duplode,4,0,
1435,C85,"Mark L. Rivers",5,0,
1436,C85,"Bonzai Joe",6,0,
1437,C85,"Zak McKracken",7,0,
1438,C85,AbuRaf70,8,0,
1439,C85,"Krys TOFF",9,0,
1440,C85,dstien,10,0,
1441,C85,Antti,11,0,
1442,C86,Ayrton,1,0,
1443,C86,Duplode,2,0,
1444,C86,"Mark L. Rivers",3,0,
1445,C86,CTG,4,0,
1446,C86,"Akoss Poo",5,0,
1447,C86,"Alan Rotoi",6,0,
1448,C86,SuperBrian,7,0,
1449,C86,"Bonzai Joe",8,0,
1450,C86,AbuRaf70,9,0,
1451,C86,Antti,10,0,
1452,C86,"Zak McKracken",11,0,
1453,C86,dstien,12,0,
1454,C86,"Krys TOFF",13,0,
1455,C87,Ayrton,1,0,
1456,C87,CTG,2,0,
1457,C87,"Bonzai Joe",3,0,
1458,C87,"Mark L. Rivers",4,0,
1459,C87,"Akoss Poo",5,0,
1460,C87,Duplode,6,0,
1461,C87,AbuRaf70,7,0,
1462,C87,SuperBrian,8,0,
1463,C87,Pavekiller,9,0,
1464,C87,dstien,10,0,
1465,C87,Antti,11,0,
1466,C87,"Zak McKracken",12,0,
1467,C87,"Krys TOFF",13,0,
1468,C88,Ayrton,1,0,
1469,C88,CTG,2,0,
1470,C88,"Mark L. Rivers",3,0,
1471,C88,Duplode,4,0,
1472,C88,"Bonzai Joe",5,0,
1473,C88,Navras,6,1,
1474,C88,"Zak McKracken",7,0,
1475,C88,SuperBrian,8,0,
1476,C88,AbuRaf70,9,0,
1477,C88,"Krys TOFF",10,0,
1478,C88,dstien,11,0,
1479,C88,Pavekiller,12,0,
1480,C88,Fredmen67,13,0,
1481,C88,tgm,14,0,
1482,C88,Böbszlee,15,0,
1483,C88,Lene,16,0,
1484,C89,Ayrton,1,0,
1485,C89,Duplode,2,0,
1486,C89,CTG,3,0,
1487,C89,"Bonzai Joe",4,0,
1488,C89,"Zak McKracken",5,0,
1489,C89,SuperBrian,6,0,
1490,C89,"Alan Rotoi",7,0,
1491,C89,AbuRaf70,8,0,
1492,C89,Pavekiller,9,0,
1493,C89,dstien,10,0,
1494,C89,"Krys TOFF",11,0,
1495,C89,tgm,12,0,
1496,C89,Fredmen67,13,0,DSQ
1497,C90,Ayrton,1,0,
1498,C90,CTG,2,0,
1499,C90,Duplode,3,0,
1500,C90,"Alan Rotoi",4,0,
1501,C90,SuperBrian,5,0,
1502,C90,"Zak McKracken",6,0,
1503,C90,"Mark L. Rivers",7,0,
1504,C90,"Bonzai Joe",8,0,
1505,C90,dstien,9,0,
1506,C90,AbuRaf70,10,0,
1507,C90,Goblin,11,0,
1508,C90,"Krys TOFF",12,0,
1509,C90,Fredmen67,13,0,EX3
1510,C91,"Bonzai Joe",1,0,
1511,C91,CTG,2,0,
1512,C91,Duplode,3,0,
1513,C91,Friker,4,0,
1514,C91,"Mark L. Rivers",5,0,
1515,C91,"Zak McKracken",6,0,
1516,C91,SuperBrian,7,0,
1517,C91,satanziege,8,0,
1518,C91,"Krys TOFF",9,0,
1519,C91,Pitman,10,0,
1520,C91,AbuRaf70,11,0,
1521,C91,dstien,12,0,
1522,C91,DieselJoe,13,0,
1523,C91,Pavekiller,14,0,
1524,C91,Cyberman,15,0,
1525,C91,firefoxie,16,0,
1526,C91,Ano,17,0,
1527,C91,Antti,18,0,
1528,C91,Böbszlee,19,0,
1529,C91,Fredmen67,20,0,
1530,C91,Lene,21,0,
1531,C92,Ayrton,1,0,
1532,C92,Duplode,2,0,
1533,C92,"Bonzai Joe",3,0,
1534,C92,CTG,4,0,
1535,C92,AbuRaf70,5,0,
1536,C92,"Zak McKracken",6,0,
1537,C92,SuperBrian,7,0,
1538,C92,Chulk,8,0,
1539,C92,Friker,9,0,
1540,C92,dstien,10,0,
1541,C92,Cyberman,11,0,
1542,C92,Pitman,12,0,
1543,C92,Pavekiller,13,0,
1544,C92,satanziege,14,0,
1545,C92,Overdrijf,15,0,
1546,C92,YtseDan,16,0,
1547,C92,Blackpulsie,17,0,
1548,C92,firefoxie,18,0,
1549,C92,Antti,19,0,
1550,C92,Goblin,20,0,
1551,C93,"Bonzai Joe",1,0,
1552,C93,CTG,2,0,
1553,C93,"Zak McKracken",3,0,
1554,C93,Duplode,3,0,
1555,C93,Friker,5,0,
1556,C93,Pitman,6,0,
1557,C93,AbuRaf70,7,0,
1558,C93,Overdrijf,8,0,
1559,C93,SuperBrian,9,0,
1560,C93,firefoxie,10,0,
1561,C93,dstien,11,0,
1562,C93,satanziege,12,0,
1563,C93,HTE,13,0,
1564,C93,SisterOfMercy,14,0,
1565,C93,YtseDan,15,0,
1566,C93,Cyberman,16,0,
1567,C93,Antti,17,0,
1568,C94,Duplode,1,0,
1569,C94,"Bonzai Joe",2,0,
1570,C94,CTG,3,0,
1571,C94,Dottore,4,1,
1572,C94,Navras,5,1,
1573,C94,Friker,6,0,
1574,C94,"Zak McKracken",7,0,
1575,C94,Chulk,8,0,
1576,C94,SuperBrian,9,0,
1577,C94,Overdrijf,10,0,
1578,C94,AbuRaf70,11,0,
1579,C94,Pitman,12,0,
1580,C94,JoSi,13,0,
1581,C94,Ice,14,0,
1582,C94,dstien,15,0,
1583,C94,satanziege,16,0,
1584,C94,firefoxie,17,0,
1585,C94,HTE,18,0,
1586,C94,Cyberman,19,0,EX3
1587,C95,Duplode,1,0,
1588,C95,"Bonzai Joe",2,0,
1589,C95,CTG,3,0,
1590,C95,Friker,4,0,
1591,C95,Dottore,5,1,
1592,C95,SuperBrian,6,0,
1593,C95,"Zak McKracken",7,0,
1594,C95,AbuRaf70,8,0,
1595,C95,Overdrijf,9,0,
1596,C95,"Alan Rotoi",10,0,
1597,C95,Chulk,11,0,
1598,C95,JoSi,12,0,
1599,C95,Ice,13,0,
1600,C95,dstien,14,0,
1601,C96,Duplode,1,0,
1602,C96,CTG,2,0,
1603,C96,"Alan Rotoi",3,0,
1604,C96,"Zak McKracken",4,0,
1605,C96,Mingva,5,0,
1606,C96,"Bonzai Joe",6,0,
1607,C96,Friker,7,0,
1608,C96,AbuRaf70,8,0,
1609,C96,SuperBrian,9,0,
1610,C96,Overdrijf,10,0,
1611,C96,dstien,11,0,
1612,C96,Usrin,12,0,
1613,C96,JoSi,13,0,
1614,C96,Fredmen67,14,0,
1615,C97,CTG,1,0,
1616,C97,Duplode,2,0,
1617,C97,Mingva,3,0,
1618,C97,Friker,4,0,
1619,C97,"Bonzai Joe",5,0,
1620,C97,SuperBrian,6,0,
1621,C97,"Zak McKracken",7,0,
1622,C97,Usrin,8,0,
1623,C97,"Alan Rotoi",9,0,
1624,C97,Overdrijf,10,0,
1625,C97,Ice,11,0,
1626,C97,AbuRaf70,12,0,
1627,C97,JoSi,13,0,
1628,C97,dstien,14,0,
1629,C98,Duplode,1,0,
1630,C98,Mingva,2,0,
1631,C98,CTG,3,0,
1632,C98,SuperBrian,4,0,
1633,C98,"Roy Wiegerinck",5,0,
1634,C98,AbuRaf70,6,0,
1635,C98,"Alan Rotoi",7,0,
1636,C98,Dottore,8,1,
1637,C98,Friker,9,0,
1638,C98,"Zak McKracken",10,0,
1639,C98,dstien,11,0,
1640,C98,Overdrijf,12,0,
1641,C98,Usrin,13,0,
1642,C98,Pavekiller,14,0,
1643,C99,Duplode,1,0,
1644,C99,"Renato Biker",2,0,
1645,C99,Mingva,3,0,
1646,C99,dstien,4,0,
1647,C99,SuperBrian,5,0,
1648,C99,"Roy Wiegerinck",6,0,
1649,C99,"Alan Rotoi",7,0,
1650,C99,AbuRaf70,8,0,
1651,C99,JoSi,9,0,
1652,C99,"Zak McKracken",10,0,
1653,C99,PedroAntonio,11,0,
1654,C99,satanziege,12,0,EX3
1655,C99,Overdrijf,13,0,DSQ
1656,C100,Ayrton,1,0,
1657,C100,"Renato Biker",2,0,
1658,C100,Gutix,3,0,
1659,C100,Duplode,4,0,
1660,C100,"Mark L. Rivers",5,0,
1661,C100,"Bonzai Joe",6,0,
1662,C100,CTG,7,0,
1663,C100,Mingva,8,0,
1664,C100,Alain,9,0,
1665,C100,"Alan Rotoi",10,0,
1666,C100,SuperBrian,11,0,
1667,C100,"Zak McKracken",12,0,
1668,C100,AbuRaf70,13,0,
1669,C100,Chulk,14,0,
1670,C100,"Roy Wiegerinck",15,0,
1671,C100,dstien,16,0,
1672,C100,Pavekiller,17,0,
1673,C100,PedroAntonio,18,0,
1674,C100,Overdrijf,19,0,
1675,C100,SergioBaro,20,0,
1676,C100,Usrin,21,0,
1677,C100,Friker,22,0,
1678,C100,Lene,23,0,
1679,C101,"Renato Biker",1,0,
1680,C101,Duplode,2,0,
1681,C101,Gutix,3,0,
1682,C101,Mingva,4,0,
1683,C101,"Alan Rotoi",5,0,
1684,C101,Alain,6,0,
1685,C101,CTG,7,0,
1686,C101,"Zak McKracken",8,0,
1687,C101,SuperBrian,9,0,
1688,C101,AbuRaf70,10,0,
1689,C101,"Mark L. Rivers",11,0,
1690,C101,JoSi,12,0,
1691,C101,"Bonzai Joe",13,0,
1692,C101,dstien,14,0,
1693,C101,PedroAntonio,15,0,
1694,C102,"Renato Biker",1,0,
1695,C102,Gutix,2,0,
1696,C102,Mingva,3,0,
1697,C102,"Mark L. Rivers",4,0,
1698,C102,Duplode,5,0,
1699,C102,AbuRaf70,6,0,
1700,C102,SuperBrian,7,0,
1701,C102,"Zak McKracken",8,0,
1702,C102,"Roy Wiegerinck",9,0,
1703,C102,dstien,10,0,EX3
1704,C103,Duplode,1,0,
1705,C103,Gutix,2,0,
1706,C103,SuperBrian,3,0,
1707,C103,"Renato Biker",4,0,
1708,C103,Mingva,5,0,
1709,C103,AbuRaf70,6,0,
1710,C103,"Zak McKracken",7,0,
1711,C103,"Alan Rotoi",8,0,
1712,C103,dstien,9,0,
1713,C103,satanziege,10,0,
1714,C103,Pitman,11,0,
1715,C103,Nubarow,12,0,
1716,C103,Fredmen67,13,0,
1717,C103,Lene,14,0,
1718,C104,Gutix,1,0,
1719,C104,"Renato Biker",2,0,
1720,C104,CTG,3,0,
1721,C104,Duplode,4,0,
1722,C104,Mingva,5,0,
1723,C104,SuperBrian,6,0,
1724,C104,AbuRaf70,7,0,
1725,C104,"Zak McKracken",8,0,
1726,C104,Pitman,9,0,
1727,C104,PedroAntonio,10,0,
1728,C104,dstien,11,0,
1729,C104,satanziege,12,0,EX3
1730,C105,Gutix,1,0,
1731,C105,Duplode,2,0,
1732,C105,"Bonzai Joe",3,0,
1733,C105,CTG,4,0,
1734,C105,"Renato Biker",5,0,
1735,C105,Mingva,6,0,
1736,C105,SuperBrian,7,0,
1737,C105,"Zak McKracken",8,0,
1738,C105,AbuRaf70,9,0,
1739,C105,PedroAntonio,10,0,
1740,C105,Pitman,11,0,
1741,C105,dstien,12,0,
1742,C105,satanziege,13,0,EX3
1743,C106,Gutix,1,0,
1744,C106,"Renato Biker",2,0,
1745,C106,SuperBrian,3,0,
1746,C106,Duplode,4,0,
1747,C106,AbuRaf70,5,0,
1748,C106,Mingva,6,0,
1749,C106,Pitman,7,0,
1750,C106,dstien,8,0,
1751,C106,satanziege,9,0,
1752,C106,PedroAntonio,10,0,
1753,C106,Usrin,11,0,
1754,C107,Gutix,1,0,
1755,C107,"Renato Biker",2,0,
1756,C107,CTG,3,0,
1757,C107,SuperBrian,4,0,
1758,C107,AbuRaf70,5,0,
1759,C107,Duplode,6,0,
1760,C107,Mingva,7,0,
1761,C107,Pitman,8,0,
1762,C107,"Crazy Jimmy",9,0,
1763,C107,dstien,10,0,
1764,C107,satanziege,11,0,
1765,C107,Lene,12,0,
1766,C107,Fredmen67,13,0,EX3
1767,C108,Gutix,1,0,
1768,C108,"Renato Biker",2,0,
1769,C108,CTG,3,0,
1770,C108,SuperBrian,4,0,
1771,C108,Duplode,5,0,
1772,C108,AbuRaf70,6,0,
1773,C108,"Zak McKracken",7,0,
1774,C108,dstien,8,0,
1775,C108,Pitman,9,0,
1776,C108,"Crazy Jimmy",10,0,
1777,C108,satanziege,11,0,
1778,C109,Gutix,1,0,
1779,C109,CTG,1,0,
1780,C109,"Renato Biker",3,0,
1781,C109,AbuRaf70,4,0,
1782,C109,Duplode,5,0,
1783,C109,"Zak McKracken",6,0,
1784,C109,satanziege,7,0,
1785,C109,Pitman,8,0,
1786,C109,dstien,9,0,
1787,C109,"Crazy Jimmy",10,0,
1788,C109,Fredmen67,11,0,
1789,C110,Gutix,1,0,
1790,C110,AbuRaf70,2,0,
1791,C110,Duplode,3,0,
1792,C110,CTG,4,0,
1793,C110,SuperBrian,5,0,
1794,C110,"Alan Rotoi",6,0,
1795,C110,Mingva,7,0,
1796,C110,JoSi,8,0,
1797,C110,Overdrijf,9,0,
1798,C110,dstien,10,0,
1799,C110,"Zak McKracken",11,0,
1800,C110,Pitman,12,0,
1801,C110,satanziege,13,0,EX3
1802,C110,darkmaster,14,0,INV
1803,C111,Gutix,1,0,
1804,C111,Duplode,2,0,
1805,C111,CTG,3,0,
1806,C111,AbuRaf70,4,0,
1807,C111,"Renato Biker",5,0,
1808,C111,"Bonzai Joe",6,0,
1809,C111,SuperBrian,7,0,
1810,C111,Overdrijf,8,0,
1811,C111,"Zak McKracken",9,0,
1812,C111,dstien,10,0,
1813,C111,satanziege,11,0,
1814,C111,Pitman,12,0,
1815,C112,"Renato Biker",1,0,
1816,C112,Duplode,2,0,
1817,C112,Gutix,3,0,
1818,C112,CTG,4,0,
1819,C112,Xianthi,5,1,
1820,C112,AbuRaf70,6,0,
1821,C112,Overdrijf,7,0,
1822,C112,dstien,8,0,
1823,C112,"Zak McKracken",9,0,
1824,C112,Pitman,10,0,
1825,C112,Faundu,11,0,
1826,C112,satanziege,12,0,
1827,C113,"Renato Biker",1,0,
1828,C113,Duplode,2,0,
1829,C113,Gutix,3,0,
1830,C113,SuperBrian,4,0,
1831,C113,"Bonzai Joe",5,0,
1832,C113,CTG,6,0,
1833,C113,AbuRaf70,7,0,
1834,C113,Xianthi,8,1,
1835,C113,"Alan Rotoi",9,0,
1836,C113,dstien,10,0,
1837,C113,Pitman,11,0,
1838,C113,Overdrijf,12,0,
1839,C113,satanziege,13,0,
1840,C114,"Renato Biker",1,0,
1841,C114,"Bonzai Joe",2,0,
1842,C114,SuperBrian,3,0,
1843,C114,Mingva,4,0,
1844,C114,Duplode,5,0,
1845,C114,CTG,6,0,
1846,C114,"Zak McKracken",7,0,
1847,C114,AbuRaf70,8,0,
1848,C114,Overdrijf,9,0,
1849,C114,"Das Fass",10,1,
1850,C114,"Alan Rotoi",11,0,
1851,C114,dstien,12,0,
1852,C114,Thodran,13,0,
1853,C114,Pitman,14,0,
1854,C114,satanziege,15,0,
1855,C115,Duplode,1,0,
1856,C115,Gutix,2,0,
1857,C115,"Renato Biker",3,0,
1858,C115,SuperBrian,4,0,
1859,C115,Mingva,5,0,
1860,C115,AbuRaf70,6,0,
1861,C115,"Zak McKracken",7,0,
1862,C115,"Krys TOFF",8,0,
1863,C115,dstien,9,0,
1864,C115,Pitman,10,0,
1865,C115,satanziege,11,0,
1866,C115,Faundu,12,0,
1867,C116,CTG,1,0,
1868,C116,Duplode,2,0,
1869,C116,"Renato Biker",3,0,
1870,C116,SuperBrian,4,0,
1871,C116,"oh yeah",5,1,
1872,C116,AbuRaf70,6,0,
1873,C116,"Alan Rotoi",7,0,
1874,C116,dstien,8,0,
1875,C116,Mingva,9,0,
1876,C116,satanziege,10,0,
1877,C116,Pitman,11,0,EX3
1878,C117,Duplode,1,0,
1879,C117,Overdrijf,2,0,
1880,C117,AbuRaf70,3,0,
1881,C117,"Zak McKracken",4,0,
1882,C117,dstien,5,0,
1883,C117,Varalica,6,1,
1884,C117,"Alan Rotoi",7,0,
1885,C117,"Crazy Jimmy",8,0,
1886,C117,Pitman,9,0,
1887,C117,satanziege,10,0,EX3
1888,C118,"Alan Rotoi",1,0,
1889,C118,Gutix,2,0,
1890,C118,AbuRaf70,3,0,
1891,C118,Duplode,4,0,
1892,C118,"Zak McKracken",5,0,
1893,C118,dstien,6,0,
1894,C118,twyll,7,1,
1895,C118,Overdrijf,8,0,
1896,C118,"Crazy Jimmy",9,0,
1897,C118,satanziege,10,0,
1898,C119,Gutix,1,0,
1899,C119,Chulk,2,0,
1900,C119,AbuRaf70,3,0,
1901,C119,Duplode,4,0,
1902,C119,"Alan Rotoi",5,0,
1903,C119,"Zak McKracken",6,0,
1904,C119,dstien,7,0,
1905,C119,satanziege,8,0,
1906,C119,Sanity,9,0,EX3
1907,C119,Fredmen67,10,0,EX3
1908,C120,Duplode,1,0,
1909,C120,Gutix,2,0,
1910,C120,dstien,3,0,
1911,C120,AbuRaf70,4,0,
1912,C120,satanziege,5,0,
1913,C120,Pitman,6,0,
1914,C120,Shorty,7,0,EX3
1915,C120,Sanity,8,0,INV
1916,C121,Duplode,1,0,
1917,C121,Gutix,2,0,
1918,C121,AbuRaf70,3,0,
1919,C121,dstien,4,0,
1920,C121,Mingva,5,0,
1921,C121,Pitman,6,0,
1922,C121,Shorty,7,0,
1923,C121,"Zak McKracken",8,0,
1924,C121,satanziege,9,0,
1925,C122,"Bonzai Joe",1,0,
1926,C122,Duplode,2,0,
1927,C122,CTG,3,0,
1928,C122,Mingva,4,0,
1929,C122,Shorty,5,0,
1930,C122,"Zak McKracken",6,0,
1931,C122,AbuRaf70,7,0,
1932,C122,Faundu,8,0,
1933,C122,dstien,9,0,
1934,C122,Gutix,10,0,
1935,C122,Pitman,11,0,
1936,C122,grisznik,12,0,
1937,C122,satanziege,13,0,
1938,C123,Gutix,1,0,
1939,C123,Duplode,2,0,
1940,C123,"Bonzai Joe",3,0,
1941,C123,SuperBrian,4,0,
1942,C123,AbuRaf70,5,0,
1943,C123,Shorty,6,0,
1944,C123,Pitman,7,0,
1945,C123,oscar,8,0,
1946,C123,dstien,9,0,
1947,C123,satanziege,10,0,
1948,C123,grisznik,11,0,EX3
1949,C124,Duplode,1,0,
1950,C124,CTG,2,0,
1951,C124,SuperBrian,3,0,
1952,C124,Gutix,4,0,
1953,C124,AbuRaf70,5,0,
1954,C124,"Zak McKracken",6,0,
1955,C124,"Bonzai Joe",7,0,
1956,C124,Mingva,8,0,
1957,C124,Shorty,9,0,
1958,C124,dstien,10,0,
1959,C124,Pitman,11,0,
1960,C124,Thodran,12,0,
1961,C124,satanziege,13,0,
1962,C125,Gutix,1,0,
1963,C125,Duplode,2,0,
1964,C125,AbuRaf70,3,0,
1965,C125,Mingva,4,0,
1966,C125,CTG,5,0,
1967,C125,dstien,6,0,
1968,C125,SuperBrian,7,0,
1969,C125,Chulk,8,0,
1970,C125,Pitman,9,0,
1971,C125,"Zak McKracken",10,0,
1972,C125,Gagarin,11,1,
1973,C125,Shorty,12,0,
1974,C125,satanziege,13,0,
1975,C125,"N. Oliveira",14,0,EX3
1976,C126,Duplode,1,0,
1977,C126,CTG,2,0,
1978,C126,Gutix,3,0,
1979,C126,Friker,4,0,
1980,C126,"Zak McKracken",5,0,
1981,C126,SuperBrian,6,0,
1982,C126,Chulk,7,0,
1983,C126,Gagarin,8,1,
1984,C126,AbuRaf70,9,0,
1985,C126,Pitman,10,0,
1986,C126,Usrin,11,0,
1987,C126,satanziege,12,0,
1988,C126,dstien,13,0,
1989,C126,Fredmen67,14,0,
1990,C126,"N. Oliveira",15,0,
1991,C127,Duplode,1,0,
1992,C127,"Bonzai Joe",2,0,
1993,C127,CTG,3,0,
1994,C127,Friker,4,0,
1995,C127,Gutix,5,0,
1996,C127,Gagarin,6,1,
1997,C127,"Zak McKracken",7,0,
1998,C127,SuperBrian,8,0,
1999,C127,Usrin,9,0,
2000,C127,"Alan Rotoi",10,0,
2001,C127,dstien,11,0,
2002,C127,Pitman,12,0,
2003,C127,Shorty,13,0,EX3
2004,C128,Duplode,1,0,
2005,C128,"Bonzai Joe",2,0,
2006,C128,Friker,3,0,
2007,C128,Gutix,4,0,
2008,C128,CTG,5,0,
2009,C128,Gagarin,6,1,
2010,C128,SuperBrian,7,0,
2011,C128,AbuRaf70,8,0,
2012,C128,"Zak McKracken",9,0,
2013,C128,dstien,10,0,
2014,C128,Pitman,11,0,EX3
2015,C128,Usrin,12,0,EX3
2016,C128,Shorty,13,0,EX3
2017,C129,Gutix,1,0,
2018,C129,Friker,2,0,
2019,C129,AbuRaf70,3,0,
2020,C129,CTG,4,0,
2021,C129,Duplode,5,0,
2022,C129,"Zak McKracken",6,0,
2023,C129,Usrin,7,0,
2024,C129,"Alan Rotoi",8,0,
2025,C129,Overdrijf,9,0,
2026,C129,Pitman,10,0,
2027,C129,dstien,11,0,
2028,C129,satanziege,12,0,
2029,C130,Gutix,1,0,
2030,C130,AbuRaf70,2,0,
2031,C130,Duplode,3,0,
2032,C130,Overdrijf,4,0,
2033,C130,Friker,5,0,
2034,C130,"Zak McKracken",6,0,
2035,C130,Usrin,7,0,
2036,C130,"Alan Rotoi",8,0,
2037,C130,dstien,9,0,
2038,C131,"Renato Biker",1,0,
2039,C131,Gutix,2,0,
2040,C131,Duplode,2,0,
2041,C131,CTG,4,0,
2042,C131,Usrin,5,0,
2043,C131,AbuRaf70,6,0,
2044,C131,"Zak McKracken",7,0,
2045,C131,Overdrijf,8,0,
2046,C131,Friker,9,0,
2047,C131,dstien,10,0,
2048,C131,Ivan,11,0,
2049,C131,satanziege,12,0,
2050,C131,Alecu,13,0,EX3
2051,C132,"Renato Biker",1,0,
2052,C132,"Alan Rotoi",2,0,
2053,C132,CTG,3,0,
2054,C132,Duplode,4,0,
2055,C132,Chulk,5,0,
2056,C132,"Zak McKracken",6,0,
2057,C132,Usrin,7,0,
2058,C132,AbuRaf70,8,0,
2059,C132,Friker,9,0,
2060,C132,dstien,10,0,
2061,C132,satanziege,11,0,
2062,C133,"Renato Biker",1,0,
2063,C133,Friker,2,0,
2064,C133,CTG,3,0,
2065,C133,"Akoss Poo",4,0,
2066,C133,Gutix,5,0,
2067,C133,Usrin,6,0,
2068,C133,Duplode,7,0,
2069,C133,"Zak McKracken",8,0,
2070,C133,SuperBrian,9,0,
2071,C133,AbuRaf70,10,0,
2072,C133,"Alan Rotoi",11,0,
2073,C133,dstien,12,0,
2074,C134,"Renato Biker",1,0,
2075,C134,"Bonzai Joe",2,0,
2076,C134,Duplode,3,0,
2077,C134,CTG,4,0,
2078,C134,Gutix,5,0,
2079,C134,Friker,6,0,
2080,C134,"Akoss Poo",7,0,
2081,C134,AbuRaf70,8,0,
2082,C134,"Zak McKracken",9,0,
2083,C134,"Alan Rotoi",10,0,
2084,C134,Usrin,11,0,
2085,C134,dstien,12,0,
2086,C135,Duplode,1,0,
2087,C135,"Renato Biker",2,0,
2088,C135,AbuRaf70,3,0,
2089,C135,"Alan Rotoi",4,0,
2090,C135,CTG,5,0,
2091,C135,Gutix,6,0,
2092,C135,SuperBrian,7,0,
2093,C135,"Zak McKracken",8,0,
2094,C135,"Bonzai Joe",9,0,
2095,C135,dreadnaut,10,0,
2096,C135,Friker,11,0,
2097,C135,Usrin,12,0,
2098,C135,dstien,13,0,
2099,C136,SuperBrian,1,0,
2100,C136,Duplode,1,0,
2101,C136,CTG,3,0,
2102,C136,Friker,4,0,
2103,C136,"Renato Biker",5,0,
2104,C136,Usrin,6,0,
2105,C136,dreadnaut,7,0,
2106,C136,dstien,8,0,
2107,C136,"Krys TOFF",9,0,
2108,C137,Friker,1,0,
2109,C137,CTG,2,0,
2110,C137,Duplode,3,0,
2111,C137,SuperBrian,4,0,
2112,C137,"Zak McKracken",5,0,
2113,C137,dreadnaut,6,0,
2114,C137,"Renato Biker",7,0,
2115,C137,dstien,8,0,
2116,C137,Pavekiller,9,0,
2117,C137,Usrin,10,0,
2118,C138,CTG,1,0,
2119,C138,Chulk,2,0,
2120,C138,AbuRaf70,3,0,
2121,C138,"Alan Rotoi",4,0,
2122,C138,"Renato Biker",5,0,
2123,C138,"Akoss Poo",6,0,
2124,C138,Usrin,7,0,
2125,C138,Duplode,8,0,
2126,C138,dreadnaut,9,0,
2127,C138,SuperBrian,10,0,
2128,C138,Friker,11,0,
2129,C138,"Zak McKracken",12,0,
2130,C138,dstien,13,0,
2131,C138,ADPunk,14,0,
2132,C138,satanziege,15,0,
2133,C138,Fredmen67,16,0,
2134,C138,Goyo,17,0,
2135,C139,"Renato Biker",1,0,
2136,C139,Friker,2,0,
2137,C139,Duplode,3,0,
2138,C139,CTG,4,0,
2139,C139,"Akoss Poo",5,0,
2140,C139,dreadnaut,6,0,
2141,C139,Chulk,7,0,
2142,C139,AbuRaf70,8,0,
2143,C139,"Alan Rotoi",9,0,
2144,C139,"Zak McKracken",10,0,
2145,C139,ADPunk,11,0,
2146,C139,dstien,12,0,
2147,C139,SuperBrian,13,0,
2148,C139,satanziege,14,0,
2149,C140,"Renato Biker",1,0,
2150,C140,CTG,2,0,
2151,C140,Chulk,3,0,
2152,C140,"Alan Rotoi",4,0,
2153,C140,Duplode,5,0,
2154,C140,Friker,6,0,
2155,C140,"Zak McKracken",7,0,
2156,C140,"Akoss Poo",8,0,
2157,C140,AbuRaf70,9,0,
2158,C140,ADPunk,10,0,
2159,C140,dreadnaut,11,0,
2160,C140,dstien,12,0,
2161,C140,JoSi,13,0,EX3
2162,C141,"Renato Biker",1,0,
2163,C141,CTG,2,0,
2164,C141,Chulk,3,0,
2165,C141,AbuRaf70,4,0,
2166,C141,Duplode,5,0,
2167,C141,"Alan Rotoi",6,0,
2168,C141,Miro,7,1,
2169,C141,ADPunk,8,0,
2170,C141,Friker,9,0,
2171,C141,"Zak McKracken",10,0,
2172,C141,dreadnaut,11,0,
2173,C141,"Mr. P.C.",12,0,
2174,C141,JoSi,13,0,
2175,C141,dstien,14,0,
2176,C142,CTG,1,0,
2177,C142,"Renato Biker",2,0,
2178,C142,Friker,3,0,
2179,C142,dreadnaut,4,0,
2180,C142,Duplode,5,0,
2181,C142,Miro,6,1,
2182,C142,ADPunk,7,0,
2183,C142,"Zak McKracken",8,0,
2184,C142,AbuRaf70,9,0,
2185,C142,"Alan Rotoi",10,0,
2186,C142,dstien,11,0,
2187,C142,"Mr. P.C.",12,0,
2188,C143,"Renato Biker",1,0,
2189,C143,CTG,2,0,
2190,C143,Duplode,3,0,
2191,C143,Usrin,4,0,
2192,C143,Friker,5,0,
2193,C143,AbuRaf70,6,0,
2194,C143,dreadnaut,7,0,
2195,C143,"Alan Rotoi",8,0,
2196,C143,ADPunk,9,0,
2197,C143,dstien,10,0,
2198,C144,Duplode,1,0,
2199,C144,"Renato Biker",2,0,
2200,C144,CTG,3,0,
2201,C144,"Akoss Poo",4,0,
2202,C144,DieselJoe,5,0,
2203,C144,Miro,6,1,
2204,C144,dreadnaut,7,0,
2205,C144,AbuRaf70,8,0,
2206,C144,Usrin,9,0,
2207,C144,"Zak McKracken",10,0,
2208,C144,"Alan Rotoi",11,0,
2209,C144,dstien,12,0,
2210,C145,CTG,1,0,
2211,C145,"Renato Biker",2,0,
2212,C145,"Akoss Poo",3,0,
2213,C145,Duplode,4,0,
2214,C145,SuperBrian,5,0,
2215,C145,Chulk,6,0,
2216,C145,AbuRaf70,7,0,
2217,C145,Usrin,8,0,
2218,C145,"Alan Rotoi",9,0,
2219,C145,dreadnaut,10,0,
2220,C145,"Zak McKracken",11,0,
2221,C145,ADPunk,12,0,
2222,C145,dstien,13,0,
2223,C145,Friker,14,0,
2224,C146,CTG,1,0,
2225,C146,"Renato Biker",2,0,
2226,C146,"Akoss Poo",3,0,
2227,C146,Duplode,4,0,
2228,C146,"Alan Rotoi",5,0,
2229,C146,SuperBrian,6,0,
2230,C146,dreadnaut,7,0,
2231,C146,"Zak McKracken",8,0,
2232,C146,AbuRaf70,9,0,
2233,C146,Friker,10,0,
2234,C146,dstien,11,0,
2235,C147,CTG,1,0,
2236,C147,"Renato Biker",2,0,
2237,C147,"Akoss Poo",3,0,
2238,C147,Duplode,4,0,
2239,C147,Chulk,5,0,
2240,C147,"Alan Rotoi",6,0,
2241,C147,AbuRaf70,7,0,
2242,C147,dreadnaut,8,0,
2243,C147,"Zak McKracken",9,0,
2244,C147,dstien,10,0,EX3
2245,C148,"Renato Biker",1,0,
2246,C148,"Akoss Poo",2,0,
2247,C148,Duplode,3,0,
2248,C148,CTG,4,0,
2249,C148,dreadnaut,5,0,
2250,C148,AbuRaf70,6,0,
2251,C148,"Zak McKracken",7,0,
2252,C148,"Alan Rotoi",8,0,
2253,C148,dstien,9,0,
2254,C148,satanziege,10,0,EX3
2255,C149,"Renato Biker",1,0,
2256,C149,CTG,2,0,
2257,C149,"Akoss Poo",3,0,
2258,C149,Duplode,4,0,
2259,C149,"Zak McKracken",5,0,
2260,C149,SuperBrian,6,0,
2261,C149,"Alan Rotoi",7,0,
2262,C149,AbuRaf70,8,0,
2263,C149,dreadnaut,9,0,
2264,C149,Kalifa,10,0,
2265,C149,dstien,11,0,
2266,C150,CTG,1,0,MSC
2267,C150,"Renato Biker",2,0,
2268,C150,"Alan Rotoi",3,0,
2269,C150,"Akoss Poo",4,0,
2270,C150,SuperBrian,5,0,
2271,C150,Chulk,6,0,
2272,C150,AbuRaf70,7,0,
2273,C150,Duplode,8,0,
2274,C150,Usrin,9,0,
2275,C150,"Zak McKracken",10,0,
2276,C150,dreadnaut,11,0,
2277,C150,dstien,12,0,
2278,C150,ColonelJ,13,0,
2279,C150,Böbszlee,14,0,
2280,C150,"Rokker Zsolti",15,1,
2281,C150,"Boller Jani",16,1,
2282,C151,"Renato Biker",1,0,
2283,C151,Duplode,2,0,
2284,C151,CTG,3,0,MSC
2285,C151,"Akoss Poo",4,0,
2286,C151,dreadnaut,5,0,
2287,C151,SuperBrian,6,0,
2288,C151,"Alan Rotoi",7,0,
2289,C151,AbuRaf70,8,0,
2290,C151,"Zak McKracken",9,0,
2291,C151,Usrin,10,0,
2292,C151,"Rokker Zsolti",11,1,
2293,C151,"Boller Jani",12,1,
2294,C151,dstien,13,0,
2295,C151,afullo,14,0,
2296,C151,sd4000,15,0,
2297,C152,Duplode,1,0,
2298,C152,"Renato Biker",2,0,
2299,C152,CTG,3,0,MSC
2300,C152,"Akoss Poo",4,0,
2301,C152,"Bonzai Joe",5,0,
2302,C152,"Zak McKracken",6,0,
2303,C152,SuperBrian,7,0,
2304,C152,Mingva,8,0,
2305,C152,AbuRaf70,9,0,
2306,C152,"Rokker Zsolti",10,1,
2307,C152,"Alan Rotoi",11,0,
2308,C152,dreadnaut,12,0,
2309,C152,"Boller Jani",13,1,
2310,C152,Usrin,14,0,
2311,C152,dstien,15,0,
2312,C152,afullo,16,0,
2313,C152,satanziege,17,0,
2314,C153,"Renato Biker",1,0,
2315,C153,Duplode,2,0,
2316,C153,"Alan Rotoi",3,0,
2317,C153,CTG,4,0,MSC
2318,C153,"Akoss Poo",5,0,
2319,C153,Chulk,6,0,
2320,C153,SuperBrian,7,0,
2321,C153,"Zak McKracken",8,0,
2322,C153,AbuRaf70,9,0,
2323,C153,"Rokker Zsolti",10,1,
2324,C153,Mingva,11,0,
2325,C153,"Boller Jani",12,1,
2326,C153,dreadnaut,13,0,
2327,C153,dstien,14,0,
2328,C153,afullo,15,0,
2329,C153,Alecu,16,0,EX3
2330,C153,"Bonzai Joe",17,0,EX1
2331,C154,CTG,1,0,MSC
2332,C154,"Akoss Poo",2,0,
2333,C154,"Renato Biker",3,0,
2334,C154,Duplode,4,0,
2335,C154,dreadnaut,5,0,
2336,C154,"Rokker Zsolti",6,1,
2337,C154,"Boller Jani",7,1,
2338,C154,SuperBrian,8,0,
2339,C154,Usrin,9,0,
2340,C154,"Zak McKracken",10,0,
2341,C154,AbuRaf70,11,0,
2342,C154,"Alan Rotoi",12,0,
2343,C154,Mingva,13,0,
2344,C154,dstien,14,0,
2345,C154,afullo,15,0,EX3
2346,C155,CTG,1,0,MSC
2347,C155,"Akoss Poo",2,0,
2348,C155,Usrin,3,0,
2349,C155,"Rokker Zsolti",4,1,
2350,C155,"Boller Jani",5,1,
2351,C155,Duplode,6,0,
2352,C155,dreadnaut,7,0,
2353,C155,Mingva,8,0,
2354,C155,"Zak McKracken",9,0,
2355,C155,dstien,10,0,
2356,C155,AbuRaf70,11,0,
2357,C155,afullo,12,0,
2358,C155,"Alan Rotoi",13,0,EX3
2359,C156,CTG,1,0,MSC
2360,C156,Duplode,2,0,
2361,C156,"Akoss Poo",3,0,
2362,C156,"Rokker Zsolti",4,1,
2363,C156,SuperBrian,5,0,
2364,C156,Usrin,6,0,
2365,C156,"Boller Jani",7,1,
2366,C156,AbuRaf70,8,0,
2367,C156,"Zak McKracken",9,0,
2368,C156,Mingva,10,0,
2369,C156,dreadnaut,11,0,
2370,C156,dstien,12,0,
2371,C156,"Alan Rotoi",13,0,EX3
2372,C156,afullo,14,0,EX3
2373,C157,Duplode,1,0,
2374,C157,CTG,2,0,MSC
2375,C157,"Bonzai Joe",3,0,
2376,C157,"Akoss Poo",4,0,
2377,C157,Usrin,5,0,
2378,C157,dreadnaut,6,0,
2379,C157,"Zak McKracken",7,0,
2380,C157,"Rokker Zsolti",8,1,
2381,C157,"Boller Jani",9,1,
2382,C157,AbuRaf70,10,0,
2383,C157,"Alan Rotoi",11,0,
2384,C157,Mingva,12,0,
2385,C157,afullo,13,0,
2386,C157,dstien,14,0,
2387,C157,satanziege,15,0,
2388,C158,Duplode,1,0,
2389,C158,CTG,2,0,MSC
2390,C158,"Akoss Poo",3,0,
2391,C158,"Bonzai Joe",4,0,
2392,C158,"Rokker Zsolti",5,1,
2393,C158,"Boller Jani",6,1,
2394,C158,AbuRaf70,7,0,
2395,C158,dreadnaut,8,0,
2396,C158,"Alan Rotoi",9,0,
2397,C158,SuperBrian,10,0,
2398,C158,"Zak McKracken",11,0,
2399,C158,dstien,12,0,
2400,C158,afullo,13,0,
2401,C158,Böbszlee,14,0,
2402,C158,Usrin,15,0,
2403,C158,gigi,16,1,
2404,C159,"Akoss Poo",1,0,
2405,C159,CTG,2,0,MSC
2406,C159,Duplode,3,0,
2407,C159,SuperBrian,4,0,
2408,C159,"Boller Jani",5,1,
2409,C159,"Rokker Zsolti",6,1,
2410,C159,dreadnaut,7,0,
2411,C159,Usrin,8,0,
2412,C159,AbuRaf70,9,0,
2413,C159,dstien,10,0,
2414,C159,Mingva,11,0,
2415,C159,afullo,12,0,
2416,C159,"Alan Rotoi",13,0,EX3
2417,C160,CTG,1,0,MSC
2418,C160,"Akoss Poo",2,0,
2419,C160,"Rokker Zsolti",3,1,
2420,C160,Duplode,4,0,
2421,C160,"Boller Jani",5,1,
2422,C160,dreadnaut,6,0,
2423,C160,AbuRaf70,7,0,
2424,C160,dstien,8,0,
2425,C160,afullo,9,0,EX3
2426,C160,Usrin,10,0,EX3
2427,C161,"Akoss Poo",1,0,
2428,C161,Duplode,2,0,
2429,C161,SuperBrian,3,0,
2430,C161,dreadnaut,4,0,
2431,C161,"Rokker Zsolti",5,1,
2432,C161,"Boller Jani",6,1,
2433,C161,Mingva,7,0,
2434,C161,AbuRaf70,8,0,
2435,C161,dstien,9,0,
2436,C161,afullo,10,0,
2437,C162,Duplode,1,0,
2438,C162,CTG,2,0,
2439,C162,"Akoss Poo",3,0,
2440,C162,"Alan Rotoi",4,0,
2441,C162,"Zak McKracken",5,0,
2442,C162,Usrin,6,0,
2443,C162,Marco,7,0,
2444,C162,dreadnaut,8,0,
2445,C162,dstien,9,0,
2446,C162,"Shoegazing Leo",10,0,
2447,C162,AbuRaf70,11,0,
2448,C162,kahdra,12,0,
2449,C162,afullo,13,0,
2450,C162,gtament,14,0,
2451,C163,"Akoss Poo",1,0,
2452,C163,Duplode,2,0,
2453,C163,CTG,3,0,
2454,C163,Marco,4,0,
2455,C163,Usrin,5,0,
2456,C163,"Alan Rotoi",6,0,
2457,C163,"Zak McKracken",7,0,
2458,C163,AbuRaf70,8,0,
2459,C163,dreadnaut,9,0,
2460,C163,"Shoegazing Leo",10,0,
2461,C163,dstien,11,0,
2462,C163,afullo,12,0,
2463,C163,"Mr. Stunt",13,0,EX3
2464,C163,Vector,14,1,EX1
2465,C164,"Akoss Poo",1,0,
2466,C164,"Bonzai Joe",2,0,
2467,C164,Duplode,3,0,
2468,C164,Marco,4,0,
2469,C164,"Zak McKracken",5,0,
2470,C164,AbuRaf70,6,0,
2471,C164,Usrin,7,0,
2472,C164,SuperBrian,8,0,
2473,C164,"Shoegazing Leo",9,0,
2474,C164,Cas,10,0,
2475,C164,dreadnaut,11,0,
2476,C164,dstien,12,0,
2477,C164,afullo,13,0,
2478,C164,"Alan Rotoi",14,0,
2479,C164,AMG,15,0,
2480,C164,"Mr. Stunt",16,0,
2481,C165,"Akoss Poo",1,0,
2482,C165,Duplode,2,0,
2483,C165,Marco,3,0,
2484,C165,Usrin,4,0,
2485,C165,"Zak McKracken",5,0,
2486,C165,AbuRaf70,6,0,
2487,C165,dreadnaut,7,0,
2488,C165,dstien,8,0,
2489,C165,"Shoegazing Leo",9,0,
2490,C165,"Alan Rotoi",10,0,
2491,C165,Cas,11,0,
2492,C165,afullo,12,0,
2493,C166,Duplode,1,0,
2494,C166,"Akoss Poo",2,0,
2495,C166,"Alan Rotoi",3,0,
2496,C166,AbuRaf70,4,0,
2497,C166,Usrin,5,0,
2498,C166,Marco,6,0,
2499,C166,Cas,7,0,
2500,C166,dstien,8,0,
2501,C166,"Shoegazing Leo",9,0,
2502,C166,dreadnaut,10,0,
2503,C166,Svenne,11,0,
2504,C166,afullo,12,0,
2505,C167,Duplode,1,0,
2506,C167,"Akoss Poo",2,0,
2507,C167,Marco,3,0,
2508,C167,Shorty,4,0,
2509,C167,AbuRaf70,5,0,
2510,C167,dreadnaut,6,0,
2511,C167,"Shoegazing Leo",7,0,
2512,C167,Usrin,8,0,
2513,C167,dstien,9,0,
2514,C167,Cas,10,0,
2515,C167,Svenne,11,0,
2516,C167,afullo,12,0,
2517,C167,kahdra,13,0,
2518,C168,"Akoss Poo",1,0,
2519,C168,Duplode,1,0,
2520,C168,Marco,3,0,
2521,C168,"Zak McKracken",4,0,
2522,C168,Usrin,5,0,
2523,C168,dreadnaut,6,0,
2524,C168,AbuRaf70,7,0,
2525,C168,dstien,8,0,
2526,C168,"Shoegazing Leo",9,0,
2527,C168,PJ,10,0,
2528,C168,"Alan Rotoi",11,0,
2529,C168,Shorty,12,0,
2530,C168,afullo,13,0,
2531,C168,kahdra,14,0,
2532,C169,"Akoss Poo",1,0,
2533,C169,Marco,2,0,
2534,C169,AbuRaf70,3,0,
2535,C169,Duplode,4,0,
2536,C169,Usrin,5,0,
2537,C169,"Zak McKracken",6,0,
2538,C169,"Shoegazing Leo",7,0,
2539,C169,Shorty,8,0,
2540,C169,dreadnaut,9,0,
2541,C169,dstien,10,0,
2542,C169,PJ,11,0,
2543,C169,Cas,12,0,
2544,C169,afullo,13,0,
2545,C169,Kjotleik,14,0,
2546,C170,Duplode,1,0,
2547,C170,"Akoss Poo",2,0,
2548,C170,Marco,3,0,
2549,C170,"Zak McKracken",4,0,
2550,C170,AbuRaf70,5,0,
2551,C170,dreadnaut,6,0,
2552,C170,Cas,7,0,
2553,C170,dstien,8,0,
2554,C170,Usrin,9,0,
2555,C170,"Shoegazing Leo",10,0,
2556,C170,PJ,11,0,
2557,C170,Kjotleik,12,0,
2558,C170,afullo,13,0,
2559,C170,SimpleM,14,0,
2560,C170,Shorty,15,0,EX3
2561,C171,Duplode,1,0,
2562,C171,"Alan Rotoi",2,0,
2563,C171,AbuRaf70,3,0,
2564,C171,"Akoss Poo",4,0,
2565,C171,Marco,5,0,
2566,C171,dreadnaut,6,0,
2567,C171,"Shoegazing Leo",7,0,
2568,C171,dstien,8,0,
2569,C171,Shorty,9,0,
2570,C171,Kjotleik,10,0,
2571,C171,Cas,11,0,
2572,C171,afullo,12,0,
2573,C172,Duplode,1,0,
2574,C172,"Akoss Poo",2,0,
2575,C172,Usrin,3,0,
2576,C172,Marco,4,0,
2577,C172,dreadnaut,5,0,
2578,C172,AbuRaf70,6,0,
2579,C172,"Alan Rotoi",7,0,
2580,C172,"Zak McKracken",8,0,
2581,C172,"Shoegazing Leo",9,0,
2582,C172,dstien,10,0,
2583,C172,PJ,11,0,
2584,C172,afullo,12,0,
2585,C172,Drathas,13,0,EX1
2586,C173,Duplode,1,0,
2587,C173,Marco,2,0,
2588,C173,"Akoss Poo",3,0,
2589,C173,Usrin,4,0,
2590,C173,AbuRaf70,5,0,
2591,C173,"Alan Rotoi",6,0,
2592,C173,dreadnaut,7,0,
2593,C173,"Zak McKracken",8,0,
2594,C173,dhoine,9,0,
2595,C173,"Shoegazing Leo",10,0,
2596,C173,dstien,11,0,
2597,C173,afullo,12,0,
2598,C173,satanziege,13,0,
2599,C174,"Renato Biker",1,0,
2600,C174,Friker,2,0,
2601,C174,Marco,3,0,
2602,C174,Duplode,4,0,
2603,C174,"Zak McKracken",5,0,
2604,C174,dreadnaut,6,0,
2605,C174,AbuRaf70,7,0,
2606,C174,"Alan Rotoi",8,0,
2607,C174,"Shoegazing Leo",9,0,
2608,C174,dstien,10,0,
2609,C174,dhoine,11,0,
2610,C174,afullo,12,0,
2611,C175,"Renato Biker",1,0,
2612,C175,Friker,2,0,
2613,C175,Duplode,3,0,
2614,C175,Marco,4,0,
2615,C175,dreadnaut,5,0,
2616,C175,"Zak McKracken",6,0,
2617,C175,dosbox92,7,0,
2618,C175,AbuRaf70,8,0,
2619,C175,dstien,9,0,
2620,C175,"Shoegazing Leo",10,0,
2621,C175,Cas,11,0,
2622,C175,afullo,12,0,
2623,C176,"Renato Biker",1,0,
2624,C176,Friker,2,0,
2625,C176,dreadnaut,3,0,
2626,C176,Duplode,4,0,
2627,C176,Marco,5,0,
2628,C176,"Alan Rotoi",6,0,
2629,C176,"Zak McKracken",7,0,
2630,C176,FinRok,8,0,
2631,C176,dosbox92,9,0,
2632,C176,AbuRaf70,10,0,
2633,C176,dstien,11,0,
2634,C176,"Shoegazing Leo",12,0,
2635,C176,afullo,13,0,
2636,C177,"Renato Biker",1,0,
2637,C177,Duplode,2,0,
2638,C177,Friker,3,0,
2639,C177,Marco,4,0,
2640,C177,FinRok,5,0,
2641,C177,"Zak McKracken",6,0,
2642,C177,AbuRaf70,7,0,
2643,C177,dreadnaut,8,0,
2644,C177,"Shoegazing Leo",9,0,
2645,C177,dstien,10,0,
2646,C177,afullo,11,0,
2647,C178,Duplode,1,0,
2648,C178,"Renato Biker",2,0,
2649,C178,Friker,3,0,
2650,C178,AbuRaf70,4,0,
2651,C178,Marco,5,0,
2652,C178,dstien,6,0,
2653,C178,dreadnaut,7,0,
2654,C178,"Shoegazing Leo",8,0,EX3
2655,C178,FinRok,9,0,EX2
2656,C178,afullo,10,0,EX3
2657,C179,"Renato Biker",1,0,
2658,C179,"Bonzai Joe",2,0,
2659,C179,Duplode,3,0,
2660,C179,Marco,4,0,
2661,C179,FinRok,5,0,
2662,C179,"Zak McKracken",6,0,
2663,C179,AbuRaf70,7,0,
2664,C179,dreadnaut,8,0,
2665,C179,"Shoegazing Leo",9,0,
2666,C179,afullo,10,0,
2667,C180,"Renato Biker",1,0,
2668,C180,Duplode,2,0,
2669,C180,Friker,3,0,
2670,C180,Marco,4,0,
2671,C180,dreadnaut,5,0,
2672,C180,FinRok,6,0,
2673,C180,AbuRaf70,7,0,
2674,C180,"Zak McKracken",8,0,
2675,C180,dstien,9,0,
2676,C180,"Shoegazing Leo",10,0,
2677,C180,ninja750,11,0,
2678,C180,Wanted77,12,0,EX2
2679,C180,afullo,13,0,EX3
2680,C181,Duplode,1,0,
2681,C181,"Renato Biker",2,0,
2682,C181,Marco,3,0,
2683,C181,"Akoss Poo",4,0,
2684,C181,AbuRaf70,5,0,
2685,C181,FinRok,6,0,
2686,C181,dreadnaut,7,0,
2687,C181,Cas,8,0,
2688,C181,"Shoegazing Leo",9,0,
2689,C181,afullo,10,0,EX3
2690,C182,Marco,1,0,
2691,C182,Duplode,2,0,
2692,C182,"Renato Biker",3,0,
2693,C182,FinRok,4,0,
2694,C182,"Akoss Poo",5,0,
2695,C182,"Zak McKracken",6,0,
2696,C182,dreadnaut,7,0,
2697,C182,AbuRaf70,8,0,
2698,C182,"Alan Rotoi",9,0,
2699,C182,Cas,10,0,
2700,C182,"Shoegazing Leo",11,0,
2701,C182,afullo,12,0,
2702,C183,Marco,1,0,
2703,C183,FinRok,2,0,
2704,C183,"Renato Biker",3,0,
2705,C183,Duplode,4,0,
2706,C183,dreadnaut,5,0,
2707,C183,Cas,6,0,
2708,C183,NachitoBP,7,0,
2709,C183,AbuRaf70,8,0,
2710,C183,"Zak McKracken",9,0,
2711,C183,"Shoegazing Leo",10,0,
2712,C183,Gilmash,11,0,
2713,C183,OctaLM,12,0,
2714,C183,Lulisa,13,0,
2715,C183,afullo,14,0,EX3
2716,C184,Marco,1,0,
2717,C184,Duplode,2,0,
2718,C184,FinRok,3,0,
2719,C184,CTG,4,0,
2720,C184,AbuRaf70,5,0,
2721,C184,Cas,6,0,
2722,C184,dreadnaut,7,0,
2723,C184,"Shoegazing Leo",8,0,
2724,C184,afullo,9,0,
2725,C184,Alecu,10,0,EX3
2726,C185,Marco,1,0,
2727,C185,FinRok,2,0,
2728,C185,Duplode,3,0,
2729,C185,dreadnaut,4,0,
2730,C185,"Renato Biker",5,0,
2731,C185,"Zak McKracken",6,0,
2732,C185,"Shoegazing Leo",7,0,
2733,C185,Cas,8,0,
2734,C185,AbuRaf70,9,0,
2735,C185,satanziege,10,0,
2736,C185,afullo,11,0,
2737,C186,FinRok,1,0,
2738,C186,Friker,2,0,
2739,C186,Duplode,3,0,
2740,C186,"Alan Rotoi",4,0,
2741,C186,dreadnaut,5,0,
2742,C186,dosbox92,6,0,
2743,C186,"Zak McKracken",7,0,
2744,C186,MOE,8,0,
2745,C186,Cas,9,0,
2746,C186,Imperas,10,0,
2747,C186,"Shoegazing Leo",11,0,
2748,C186,afullo,12,0,
2749,C187,Marco,1,0,
2750,C187,FinRok,2,0,
2751,C187,Friker,3,0,
2752,C187,Duplode,4,0,
2753,C187,"Alan Rotoi",5,0,
2754,C187,dreadnaut,6,0,
2755,C187,Imperas,7,0,
2756,C187,"Zak McKracken",8,0,
2757,C187,"Shoegazing Leo",9,0,
2758,C187,Cas,10,0,
2759,C187,arturbmallman,11,0,
2760,C187,afullo,12,0,
2761,C188,FinRok,1,0,
2762,C188,Duplode,2,0,
2763,C188,Marco,3,0,
2764,C188,dreadnaut,4,0,
2765,C188,"Zak McKracken",5,0,
2766,C188,Imperas,6,0,
2767,C188,"Alan Rotoi",7,0,
2768,C188,Cas,8,0,
2769,C188,arturbmallman,9,0,
2770,C188,"Shoegazing Leo",10,0,
2771,C188,afullo,11,0,
2772,C188,emandrada,12,0,EX1
2773,C189,FinRok,1,0,
2774,C189,Duplode,2,0,
2775,C189,Marco,3,0,
2776,C189,"Bonzai Joe",4,0,
2777,C189,"Alan Rotoi",5,0,
2778,C189,dreadnaut,6,0,
2779,C189,Imperas,7,0,
2780,C189,Cas,8,0,
2781,C189,"Shoegazing Leo",9,0,
2782,C189,arturbmallman,10,0,
2783,C189,Motig,11,0,
2784,C189,afullo,12,0,
2785,C190,Duplode,1,0,
2786,C190,FinRok,2,0,
2787,C190,dreadnaut,3,0,
2788,C190,Imperas,4,0,
2789,C190,arturbmallman,5,0,
2790,C190,KaoS,6,0,EX2
2791,C190,Cas,7,0,
2792,C190,"Shoegazing Leo",8,0,
2793,C190,afullo,9,0,EX3
2794,C190,Motig,10,0,EX3
2795,C191,Duplode,1,0,
2796,C191,FinRok,2,0,
2797,C191,dreadnaut,3,0,
2798,C191,Imperas,4,0,
2799,C191,"Zak McKracken",5,0,
2800,C191,arturbmallman,6,0,
2801,C191,"Shoegazing Leo",7,0,
2802,C191,Cas,8,0,
2803,C191,Marco,9,0,EX2
2804,C191,KaoS,10,0,EX2
2805,C191,afullo,11,0,EX2
2806,C192,Marco,1,0,
2807,C192,FinRok,2,0,
2808,C192,Duplode,3,0,
2809,C192,Imperas,4,0,
2810,C192,arturbmallman,5,0,
2811,C192,dreadnaut,6,0,
2812,C192,Seeker1982,7,0,
2813,C192,Nilex,8,0,
2814,C192,"Shoegazing Leo",9,0,
2815,C192,Motig,10,0,
2816,C192,afullo,11,0,EX1
2817,C193,FinRok,1,0,
2818,C193,Duplode,2,0,
2819,C193,dreadnaut,3,0,
2820,C193,Imperas,4,0,
2821,C193,Seeker1982,5,0,
2822,C193,Marco,6,0,EX2
2823,C193,Cas,7,0,
2824,C193,"Shoegazing Leo",8,0,
2825,C193,dosbox92,9,0,EX2
2826,C193,afullo,10,0,
2827,C194,dreadnaut,1,0,
2828,C194,Duplode,2,0,
2829,C194,FinRok,3,0,
2830,C194,Imperas,4,0,
2831,C194,Marco,5,0,
2832,C194,Cas,6,0,
2833,C194,arturbmallman,7,0,
2834,C194,Seeker1982,8,0,
2835,C194,"Shoegazing Leo",9,0,
2836,C194,dosbox92,10,0,
2837,C194,afullo,11,0,
2838,C195,FinRok,1,0,
2839,C195,dreadnaut,2,0,
2840,C195,Duplode,3,0,
2841,C195,Seeker1982,4,0,
2842,C195,Cas,5,0,
2843,C195,"Shoegazing Leo",6,0,
2844,C195,Motig,7,0,
2845,C195,Motorhead86,8,0,
2846,C195,afullo,9,0,
2847,C196,FinRok,1,0,
2848,C196,Marco,2,0,
2849,C196,Seeker1982,3,0,
2850,C196,Duplode,4,0,
2851,C196,dreadnaut,5,0,
2852,C196,Cas,6,0,
2853,C196,Smrtka,7,0,
2854,C196,"Shoegazing Leo",8,0,
2855,C196,afullo,9,0,
2856,C196,satanziege,10,0,
2857,C197,Duplode,1,0,
2858,C197,FinRok,2,0,
2859,C197,Marco,3,0,
2860,C197,Seeker1982,4,0,
2861,C197,dreadnaut,5,0,
2862,C197,Cas,6,0,
2863,C197,"Shoegazing Leo",7,0,
2864,C197,afullo,8,0,
2865,C197,Smrtka,9,0,
2866,C197,Motig,10,0,
2867,C198,Duplode,1,0,
2868,C198,Imperas,2,0,
2869,C198,dreadnaut,3,0,
2870,C198,Seeker1982,4,0,
2871,C198,afullo,5,0,
2872,C198,Cas,6,0,
2873,C198,"Shoegazing Leo",7,0,
2874,C198,Motig,8,0,
2875,C198,Svenne,9,0,EX3
2876,C199,Duplode,1,0,
2877,C199,Seeker1982,2,0,
2878,C199,dreadnaut,3,0,
2879,C199,afullo,4,0,
2880,C199,Cas,5,0,
2881,C199,"Shoegazing Leo",6,0,
2882,C199,Motig,7,0,
2883,C199,chenlei,8,0,
2884,C199,BernieR,9,0,
2885,C200,CTG,1,0,
2886,C200,Duplode,2,0,
2887,C200,FinRok,3,0,
2888,C200,Seeker1982,4,0,
2889,C200,"Zak McKracken",5,0,
2890,C200,dreadnaut,6,0,
2891,C200,arturbmallman,7,0,
2892,C200,afullo,8,0,
2893,C200,Cas,9,0,
2894,C200,"Shoegazing Leo",10,0,
2895,C200,"Alan Rotoi",11,0,EX3
2896,C200,Motig,12,0,EX3
2897,C201,FinRok,1,0,
2898,C201,Duplode,2,0,
2899,C201,CTG,3,0,
2900,C201,dreadnaut,4,0,
2901,C201,Seeker1982,5,0,
2902,C201,afullo,6,0,
2903,C201,Cas,7,0,
2904,C201,"Alan Rotoi",8,0,
2905,C201,arturbmallman,9,0,
2906,C201,"Shoegazing Leo",10,0,
2907,C201,GTAMan15,11,0,
2908,C201,KaoS,12,0,EX2
2909,C201,Motig,13,0,
2910,C202,"Alan Rotoi",1,0,
2911,C202,FinRok,2,0,
2912,C202,Duplode,3,0,
2913,C202,Seeker1982,4,0,
2914,C202,afullo,5,0,
2915,C202,Cas,6,0,
2916,C202,dreadnaut,7,0,
2917,C202,Swotl,8,0,
2918,C202,arturbmallman,9,0,
2919,C202,"Shoegazing Leo",10,0,
2920,C202,GTAMan15,11,0,
2921,C202,Marco,12,0,EX2
2922,C202,Motig,13,0,
2923,C202,Chacan,14,0,
2924,C203,Duplode,1,0,
2925,C203,Seeker1982,2,0,
2926,C203,"Alan Rotoi",3,0,
2927,C203,dreadnaut,4,0,
2928,C203,arturbmallman,5,0,
2929,C203,afullo,6,0,
2930,C203,Cas,7,0,
2931,C203,Swotl,8,0,
2932,C203,"Shoegazing Leo",9,0,
2933,C203,GTAMan15,10,0,
2934,C203,Motig,11,0,
2935,C204,Duplode,1,0,
2936,C204,Seeker1982,2,0,
2937,C204,dreadnaut,3,0,
2938,C204,"Zak McKracken",4,0,
2939,C204,afullo,5,0,
2940,C204,"Shoegazing Leo",6,0,
2941,C204,Cas,7,0,
2942,C204,GTAMan15,8,0,
2943,C204,"Alan Rotoi",9,0,EX3
2944,C205,CTG,1,0,
2945,C205,Seeker1982,2,0,
2946,C205,dreadnaut,3,0,
2947,C205,Duplode,4,0,
2948,C205,Cas,5,0,
2949,C205,afullo,6,0,
2950,C205,"Shoegazing Leo",7,0,
2951,C205,Motig,8,0,
2952,C206,Duplode,1,0,
2953,C206,CTG,2,0,
2954,C206,dreadnaut,3,0,
2955,C206,Overdrijf,4,0,
2956,C206,Seeker1982,5,0,
2957,C206,afullo,6,0,
2958,C206,Cas,7,0,
2959,C206,arturbmallman,8,0,
2960,C206,"Shoegazing Leo",9,0,
2961,C207,CTG,1,0,
2962,C207,Duplode,2,0,
2963,C207,"Akoss Poo",3,0,
2964,C207,dreadnaut,4,0,
2965,C207,Overdrijf,5,0,
2966,C207,Seeker1982,6,0,
2967,C207,dosbox92,7,0,
2968,C207,afullo,8,0,
2969,C207,Cas,9,0,
2970,C207,KaoS,10,0,EX3
2971,C207,"Shoegazing Leo",11,0,
2972,C208,CTG,1,0,
2973,C208,Duplode,2,0,
2974,C208,dreadnaut,3,0,
2975,C208,"Alan Rotoi",4,0,
2976,C208,Seeker1982,5,0,
2977,C208,Overdrijf,6,0,
2978,C208,afullo,7,0,
2979,C208,"Shoegazing Leo",8,0,
2980,C208,Cas,9,0,
2981,C208,Motig,10,0,
2982,C208,GTAMan15,11,0,
2983,C209,FinRok,1,0,
2984,C209,CTG,2,0,
2985,C209,Duplode,3,0,
2986,C209,dreadnaut,4,0,
2987,C209,Seeker1982,5,0,
2988,C209,"Akoss Poo",6,0,
2989,C209,"Alan Rotoi",7,0,
2990,C209,Overdrijf,8,0,
2991,C209,Cas,9,0,
2992,C209,afullo,9,0,
2993,C209,Heretic,11,0,
2994,C209,"Shoegazing Leo",12,0,
2995,C209,KaoS,13,0,EX2
2996,C209,Motig,14,0,
2997,C209,GTAMan15,15,0,
2998,C209,"Stan 286XT",16,0,EX3
2999,C210,dreadnaut,1,0,
3000,C210,Marco,2,0,
3001,C210,CTG,3,0,
3002,C210,Overdrijf,4,0,
3003,C210,"Alan Rotoi",5,0,
3004,C210,Duplode,6,0,
3005,C210,Seeker1982,7,0,
3006,C210,Heretic,8,0,
3007,C210,afullo,9,0,
3008,C210,Cas,10,0,
3009,C210,"Shoegazing Leo",11,0,
3010,C210,Smrtka,12,0,
3011,C210,Motig,13,0,
3012,C210,"Stan 286XT",14,0,EX3
3013,C211,Marco,1,0,
3014,C211,Seeker1982,2,0,
3015,C211,Duplode,3,0,
3016,C211,dreadnaut,4,0,
3017,C211,Overdrijf,5,0,
3018,C211,Heretic,6,0,
3019,C211,afullo,7,0,
3020,C211,sd4000,8,0,
3021,C211,Cas,9,0,
3022,C211,Usrin,10,0,
3023,C211,arturbmallman,11,0,
3024,C211,"Shoegazing Leo",12,0,
3025,C211,fx_undertaker,13,0,
3026,C211,Motig,14,0,
3027,C211,"Stan 286XT",15,0,EX3
3028,C212,FinRok,1,0,
3029,C212,Marco,2,0,
3030,C212,CTG,3,0,
3031,C212,Duplode,4,0,
3032,C212,Seeker1982,5,0,
3033,C212,Overdrijf,6,0,
3034,C212,dreadnaut,7,0,
3035,C212,afullo,8,0,
3036,C212,Heretic,9,0,
3037,C212,Cas,10,0,
3038,C212,sd4000,11,0,
3039,C212,"Shoegazing Leo",12,0,
3040,C212,"Stan 286XT",13,0,EX3
3041,C213,FinRok,1,0,
3042,C213,Marco,2,0,
3043,C213,Duplode,3,0,
3044,C213,Overdrijf,4,0,
3045,C213,dreadnaut,5,0,
3046,C213,Seeker1982,6,0,
3047,C213,CTG,7,0,
3048,C213,afullo,8,0,
3049,C213,Cas,9,0,
3050,C213,sd4000,10,0,
3051,C213,"Shoegazing Leo",11,0,
3052,C213,Heretic,12,0,
3053,C213,"Stan 286XT",13,0,EX3
3054,C214,FinRok,1,0,
3055,C214,Overdrijf,2,0,
3056,C214,Marco,3,0,
3057,C214,Duplode,4,0,
3058,C214,Gutix,5,0,
3059,C214,dreadnaut,6,0,
3060,C214,Seeker1982,7,0,
3061,C214,Heretic,8,0,
3062,C214,Cas,9,0,
3063,C214,afullo,10,0,
3064,C214,KaoS,11,0,
3065,C214,"Shoegazing Leo",12,0,
3066,C214,GTAMan15,13,0,
3067,C214,"Stan 286XT",14,0,EX2
3068,C214,sd4000,15,0,
3069,C215,Overdrijf,1,0,
3070,C215,Seeker1982,2,0,
3071,C215,Marco,3,0,
3072,C215,dreadnaut,4,0,
3073,C215,Duplode,5,0,
3074,C215,"Alan Rotoi",6,0,
3075,C215,afullo,7,0,
3076,C215,"Shoegazing Leo",8,0,
3077,C215,GTAMan15,9,0,
3078,C215,Cas,10,0,
3079,C215,sd4000,11,0,
3080,C215,Heretic,12,0,
3081,C215,"Stan 286XT",13,0,EX2
3082,C216,Marco,1,0,
3083,C216,Duplode,2,0,
3084,C216,Seeker1982,3,0,
3085,C216,Overdrijf,4,0,
3086,C216,afullo,5,0,
3087,C216,dreadnaut,6,0,
3088,C216,Cas,7,0,
3089,C216,GTAMan15,8,0,
3090,C216,Heretic,9,0,
3091,C216,"Shoegazing Leo",10,0,
3092,C216,sd4000,11,0,
3093,C216,Motig,12,0,
3094,C216,"Stan 286XT",13,0,EX3
3095,C217,Duplode,1,0,
3096,C217,Marco,2,0,
3097,C217,Overdrijf,3,0,
3098,C217,Seeker1982,4,0,
3099,C217,dreadnaut,5,0,
3100,C217,dosbox92,6,0,
3101,C217,Cas,7,0,
3102,C217,afullo,8,0,
3103,C217,Heretic,9,0,
3104,C217,sd4000,10,0,
3105,C217,"Shoegazing Leo",11,0,
3106,C217,satanziege,12,0,
3107,C217,"Stan 286XT",13,0,EX3
3108,C218,Marco,1,0,
3109,C218,dreadnaut,2,0,
3110,C218,"Alan Rotoi",3,0,
3111,C218,Duplode,4,0,
3112,C218,Seeker1982,5,0,
3113,C218,Overdrijf,6,0,
3114,C218,dosbox92,7,0,
3115,C218,afullo,8,0,
3116,C218,Heretic,9,0,
3117,C218,Cas,10,0,
3118,C218,sd4000,11,0,
3119,C218,"Shoegazing Leo",12,0,
3120,C218,"Stan 286XT",13,0,EX3
3121,C218,Motig,14,0,
3122,C219,"Alan Rotoi",1,0,
3123,C219,Duplode,2,0,
3124,C219,Seeker1982,3,0,
3125,C219,Overdrijf,4,0,
3126,C219,Marco,5,0,
3127,C219,dreadnaut,6,0,
3128,C219,Cas,7,0,
3129,C219,Stingray86,8,0,
3130,C219,afullo,8,0,
3131,C219,Heretic,10,0,
3132,C219,sd4000,11,0,
3133,C219,"Shoegazing Leo",12,0,
3134,C219,"Stan 286XT",13,0,EX3
3135,C220,CTG,1,0,
3136,C220,Seeker1982,2,0,
3137,C220,Overdrijf,3,0,
3138,C220,dreadnaut,4,0,
3139,C220,Duplode,5,0,
3140,C220,Stingray86,6,0,
3141,C220,Cas,7,0,
3142,C220,afullo,8,0,
3143,C220,Heretic,9,0,
3144,C220,sd4000,10,0,
3145,C220,"Shoegazing Leo",11,0,
3146,C220,"Alan Rotoi",12,0,EX3
3147,C220,"Stan 286XT",13,0,EX3
3148,C221,FinRok,1,0,
3149,C221,Overdrijf,2,0,
3150,C221,CTG,3,0,
3151,C221,Duplode,4,0,
3152,C221,Seeker1982,5,0,
3153,C221,Stingray86,6,0,
3154,C221,dreadnaut,7,0,
3155,C221,Heretic,8,0,
3156,C221,afullo,9,0,
3157,C221,sd4000,10,0,
3158,C221,"Shoegazing Leo",11,0,
3159,C221,Marco,12,0,EX2
3160,C221,Cas,13,0,
3161,C221,GTAMan15,14,0,EX3
3162,C221,"Stan 286XT",15,0,EX2
3163,C222,Duplode,1,0,
3164,C222,Seeker1982,2,0,
3165,C222,dreadnaut,3,0,
3166,C222,Overdrijf,3,0,
3167,C222,Stingray86,5,0,
3168,C222,Heretic,6,0,
3169,C222,afullo,7,0,
3170,C222,KaoS,8,0,EX2
3171,C222,"Shoegazing Leo",9,0,
3172,C222,sd4000,10,0,
3173,C222,Cas,11,0,
3174,C222,satanziege,12,0,
3175,C222,"Stan 286XT",13,0,EX3
3176,C223,Duplode,1,0,
3177,C223,Seeker1982,2,0,
3178,C223,CTG,3,0,
3179,C223,Stingray86,4,0,
3180,C223,Overdrijf,5,0,
3181,C223,Marco,6,0,EX2
3182,C223,dreadnaut,7,0,
3183,C223,afullo,8,0,
3184,C223,KaoS,9,0,EX2
3185,C223,Cas,10,0,
3186,C223,sd4000,11,0,
3187,C223,"Shoegazing Leo",12,0,
3188,C223,HL96T,13,0,
3189,C223,"Stan 286XT",14,0,EX2
3190,C224,Duplode,1,0,
3191,C224,"Alan Rotoi",2,0,
3192,C224,CTG,3,0,
3193,C224,dreadnaut,4,0,
3194,C224,Stingray86,5,0,
3195,C224,Overdrijf,6,0,
3196,C224,Heretic,7,0,
3197,C224,Seeker1982,8,0,
3198,C224,afullo,9,0,
3199,C224,Cas,10,0,
3200,C224,KaoS,11,0,EX2
3201,C224,sd4000,12,0,
3202,C224,HL96T,13,0,
3203,C224,"Shoegazing Leo",14,0,
3204,C224,"Stan 286XT",15,0,
3205,C225,Seeker1982,1,0,
3206,C225,Overdrijf,2,0,
3207,C225,Duplode,3,0,
3208,C225,CTG,4,0,
3209,C225,Stingray86,5,0,
3210,C225,dreadnaut,6,0,
3211,C225,Heretic,7,0,
3212,C225,afullo,8,0,
3213,C225,Cas,9,0,
3214,C225,sd4000,10,0,
3215,C225,"Shoegazing Leo",11,0,
3216,C225,KaoS,12,0,EX2
3217,C225,"Stan 286XT",13,0,EX2
3218,C226,Duplode,1,0,
3219,C226,Seeker1982,2,0,
3220,C226,Overdrijf,3,0,
3221,C226,CTG,4,0,
3222,C226,dreadnaut,5,0,
3223,C226,Stingray86,6,0,
3224,C226,Marco,7,0,EX2
3225,C226,KaoS,8,0,EX2
3226,C226,afullo,9,0,
3227,C226,Heretic,10,0,
3228,C226,"Alan Rotoi",11,0,
3229,C226,Cas,12,0,EX3
3230,C226,"Shoegazing Leo",13,0,
3231,C226,"Stan 286XT",14,0,EX2
3232,C226,Chacan,15,0,EX3
3233,C227,CTG,1,0,
3234,C227,Seeker1982,2,0,
3235,C227,Duplode,3,0,
3236,C227,dreadnaut,4,0,
3237,C227,Overdrijf,5,0,
3238,C227,Stingray86,6,0,
3239,C227,Heretic,7,0,
3240,C227,afullo,8,0,
3241,C227,Cas,9,0,
3242,C227,JoSi,10,0,
3243,C227,"Shoegazing Leo",11,0,
3244,C227,"Stan 286XT",12,0,
3245,C228,Duplode,1,0,
3246,C228,Seeker1982,2,0,
3247,C228,dreadnaut,3,0,
3248,C228,"Alan Rotoi",4,0,
3249,C228,Stingray86,5,0,
3250,C228,Overdrijf,6,0,
3251,C228,Heretic,7,0,
3252,C228,afullo,8,0,
3253,C228,"Shoegazing Leo",9,0,
3254,C228,Cas,10,0,EX3
3255,C228,"Stan 286XT",11,0,EX3
3256,C229,FinRok,1,0,
3257,C229,Duplode,2,0,
3258,C229,Marco,3,0,
3259,C229,CTG,4,0,
3260,C229,Seeker1982,5,0,
3261,C229,"Alan Rotoi",6,0,
3262,C229,Stingray86,7,0,
3263,C229,Heretic,8,0,
3264,C229,Overdrijf,9,0,
3265,C229,dreadnaut,10,0,
3266,C229,afullo,11,0,
3267,C229,KyLiE,12,0,
3268,C229,KaoS,13,0,EX2
3269,C229,Straycat,14,0,
3270,C229,Cas,15,0,
3271,C229,"Shoegazing Leo",16,0,
3272,C229,"Zak McKracken",17,0,EX2
3273,C229,GTAMan15,18,0,
3274,C229,"Stan 286XT",19,0,
3275,C230,Duplode,1,0,
3276,C230,CTG,2,0,
3277,C230,Seeker1982,3,0,
3278,C230,KyLiE,4,0,
3279,C230,Heretic,5,0,
3280,C230,dreadnaut,6,0,
3281,C230,Stingray86,7,0,
3282,C230,Overdrijf,8,0,
3283,C230,"Alan Rotoi",9,0,
3284,C230,afullo,10,0,
3285,C230,"Zak McKracken",11,0,EX2
3286,C230,"Shoegazing Leo",12,0,
3287,C230,Cas,13,0,
3288,C230,Straycat,14,0,
3289,C230,"Stan 286XT",15,0,EX3
3290,C231,CTG,1,0,
3291,C231,"Alan Rotoi",2,0,
3292,C231,Overdrijf,3,0,
3293,C231,Seeker1982,4,0,
3294,C231,dreadnaut,5,0,
3295,C231,Duplode,6,0,
3296,C231,Stingray86,7,0,
3297,C231,Heretic,8,0,
3298,C231,KyLiE,9,0,
3299,C231,afullo,10,0,
3300,C231,Straycat,11,0,
3301,C231,Cas,12,0,
3302,C231,KaoS,13,0,EX2
3303,C231,"Shoegazing Leo",14,0,
3304,C231,"Stan 286XT",15,0,EX2
3305,C232,CTG,1,0,
3306,C232,Duplode,2,0,
3307,C232,dreadnaut,3,0,
3308,C232,Overdrijf,4,0,
3309,C232,Seeker1982,5,0,
3310,C232,afullo,6,0,
3311,C232,Heretic,7,0,
3312,C232,KyLiE,8,0,
3313,C232,Stingray86,9,0,
3314,C232,KaoS,10,0,EX2
3315,C232,Straycat,11,0,
3316,C232,"Shoegazing Leo",12,0,
3317,C232,Cas,13,0,
3318,C232,GTAMan15,14,0,
3319,C232,"Stan 286XT",15,0,EX3
3320,C233,Duplode,1,0,
3321,C233,CTG,2,0,
3322,C233,Seeker1982,3,0,
3323,C233,Overdrijf,4,0,
3324,C233,dreadnaut,5,0,
3325,C233,Stingray86,6,0,
3326,C233,KyLiE,7,0,
3327,C233,Heretic,8,0,
3328,C233,afullo,9,0,
3329,C233,Straycat,10,0,
3330,C233,Cas,11,0,
3331,C233,"Zak McKracken",12,0,
3332,C233,"Shoegazing Leo",13,0,
3333,C233,"Stan 286XT",14,0,EX3
3334,C234,Duplode,1,0,
3335,C234,"Alan Rotoi",2,0,
3336,C234,CTG,3,0,
3337,C234,"Akoss Poo",4,0,
3338,C234,Marco,5,0,
3339,C234,Overdrijf,6,0,
3340,C234,"Zak McKracken",7,0,
3341,C234,dreadnaut,8,0,
3342,C234,KyLiE,9,0,
3343,C234,Friker,10,0,
3344,C234,Heretic,11,0,
3345,C234,afullo,12,0,
3346,C234,Zapper,13,0,
3347,C234,Cas,14,0,
3348,C234,Usrin,15,0,
3349,C234,"Shoegazing Leo",16,0,
3350,C234,Igor,17,0,
3351,C234,matamo,18,0,
3352,C234,Daniel3D,19,0,
3353,C234,KaoS,20,0,EX2
3354,C234,Straycat,21,0,EX3
3355,C234,"Stan 286XT",22,0,EX2
3356,C235,CTG,1,0,
3357,C235,Duplode,2,0,
3358,C235,"Alan Rotoi",3,0,
3359,C235,KyLiE,4,0,
3360,C235,Overdrijf,5,0,
3361,C235,Marco,6,0,
3362,C235,dreadnaut,7,0,
3363,C235,GTAMan15,8,0,
3364,C235,Zapper,9,0,
3365,C235,afullo,10,0,
3366,C235,Heretic,11,0,
3367,C235,"Zak McKracken",12,0,EX2
3368,C235,"Cool Gaddafi",13,0,
3369,C235,"Shoegazing Leo",14,0,
3370,C235,Cas,15,0,
3371,C235,KaoS,16,0,EX2
3372,C235,Straycat,17,0,
3373,C235,matamo,18,0,
3374,C235,Daniel3D,19,0,
3375,C235,Igor,20,0,
3376,C235,ZdnBurns,21,0,
3377,C235,"Stan 286XT",22,0,EX2
3378,C236,CTG,1,0,
3379,C236,"Akoss Poo",2,0,
3380,C236,Duplode,3,0,
3381,C236,Overdrijf,4,0,
3382,C236,"Alan Rotoi",5,0,
3383,C236,KyLiE,6,0,
3384,C236,dreadnaut,7,0,
3385,C236,Zapper,8,0,
3386,C236,Heretic,9,0,
3387,C236,GTAMan15,10,0,
3388,C236,dosbox92,11,0,
3389,C236,afullo,12,0,
3390,C236,Cas,13,0,
3391,C236,"Shoegazing Leo",14,0,
3392,C236,Seeker1982,15,0,EX2
3393,C236,Marco,16,0,EX2
3394,C236,KaoS,17,0,EX2
3395,C236,Igor,18,0,
3396,C236,Straycat,19,0,EX3
3397,C236,"Johnny Alaska",20,0,
3398,C236,"Stan 286XT",21,0,EX3
3399,C237,Duplode,1,0,
3400,C237,"Akoss Poo",2,0,
3401,C237,Seeker1982,3,0,
3402,C237,CTG,4,0,
3403,C237,"Alan Rotoi",5,0,
3404,C237,KyLiE,6,0,
3405,C237,dreadnaut,7,0,
3406,C237,Zapper,8,0,
3407,C237,Ryoma,9,0,
3408,C237,Heretic,10,0,
3409,C237,GTAMan15,11,0,
3410,C237,afullo,12,0,
3411,C237,Overdrijf,13,0,
3412,C237,Cas,14,0,
3413,C237,"Shoegazing Leo",15,0,
3414,C237,Igor,16,0,
3415,C237,matamo,17,0,
3416,C237,KaoS,18,0,EX2
3417,C237,Marco,19,0,EX2
3418,C237,"Stan 286XT",20,0,
3419,C238,"Alan Rotoi",1,0,
3420,C238,Duplode,2,0,
3421,C238,"Akoss Poo",3,0,
3422,C238,Friker,4,0,
3423,C238,KyLiE,5,0,
3424,C238,Ryoma,6,0,
3425,C238,dreadnaut,7,0,
3426,C238,Overdrijf,8,0,
3427,C238,Zapper,9,0,
3428,C238,afullo,10,0,
3429,C238,Heretic,11,0,
3430,C238,Igor,12,0,
3431,C238,GTAMan15,13,0,
3432,C238,Cas,14,0,
3433,C238,matamo,15,0,
3434,C238,"Stan 286XT",16,0,
3435,C238,"Shoegazing Leo",17,0,
3436,C238,KaoS,18,0,EX2
3437,C238,AMG,19,0,
3438,C238,satanziege,20,0,
3439,C238,Straycat,21,0,EX3
3440,C239,"Alan Rotoi",1,0,
3441,C239,Duplode,2,0,
3442,C239,KyLiE,3,0,
3443,C239,Overdrijf,4,0,
3444,C239,Friker,5,0,
3445,C239,Zapper,6,0,
3446,C239,dreadnaut,7,0,
3447,C239,Ryoma,8,0,
3448,C239,Heretic,9,0,
3449,C239,afullo,10,0,
3450,C239,Cas,11,0,
3451,C239,1337haxoryt,12,0,
3452,C239,"Shoegazing Leo",13,0,
3453,C239,KaoS,14,0,EX2
3454,C239,Igor,15,0,
3455,C239,"Stan 286XT",16,0,EX3
3456,C240,"Alan Rotoi",1,0,
3457,C240,Zapper,2,0,
3458,C240,Duplode,3,0,
3459,C240,Overdrijf,4,0,
3460,C240,Friker,5,0,
3461,C240,KyLiE,6,0,
3462,C240,Heretic,7,0,
3463,C240,afullo,8,0,
3464,C240,dreadnaut,9,0,
3465,C240,Ryoma,10,0,
3466,C240,"Shoegazing Leo",11,0,
3467,C240,Cas,12,0,
3468,C240,1337haxoryt,13,0,
3469,C240,KaoS,14,0,EX2
3470,C240,"Stan 286XT",15,0,EX3
3471,C241,"Alan Rotoi",1,0,
3472,C241,Duplode,2,0,
3473,C241,KyLiE,3,0,
3474,C241,CTG,4,0,
3475,C241,Zapper,5,0,
3476,C241,Heretic,6,0,
3477,C241,dreadnaut,7,0,
3478,C241,Overdrijf,8,0,
3479,C241,afullo,9,0,
3480,C241,Cas,10,0,
3481,C241,"Shoegazing Leo",11,0,
3482,C241,KaoS,12,0,EX2
3483,C241,"Stan 286XT",13,0,EX3
3484,C242,"Alan Rotoi",1,0,
3485,C242,Duplode,2,0,
3486,C242,Overdrijf,3,0,
3487,C242,KyLiE,4,0,
3488,C242,Zapper,5,0,
3489,C242,afullo,6,0,
3490,C242,Heretic,7,0,
3491,C242,dreadnaut,8,0,
3492,C242,Cas,9,0,
3493,C242,"Shoegazing Leo",10,0,EX3
3494,C242,KaoS,11,0,EX2
3495,C242,"Stan 286XT",12,0,EX3
3496,C243,Duplode,1,0,
3497,C243,"Alan Rotoi",2,0,
3498,C243,dreadnaut,3,0,
3499,C243,KyLiE,4,0,
3500,C243,Zapper,5,0,
3501,C243,Ryoma,6,0,
3502,C243,Overdrijf,7,0,
3503,C243,Frieshansen,8,0,
3504,C243,afullo,9,0,
3505,C243,Cas,10,0,
3506,C243,Heretic,11,0,
3507,C243,"Shoegazing Leo",12,0,
3508,C243,Marco,13,0,EX2
3509,C243,Igor,14,0,
3510,C243,Daniel3D,15,0,
3511,C243,"Stan 286XT",16,0,EX3
3512,C243,GTAMan15,17,0,EX3
3513,C244,Duplode,1,0,
3514,C244,"Alan Rotoi",2,0,
3515,C244,KyLiE,3,0,
3516,C244,"Akoss Poo",4,0,
3517,C244,Zapper,5,0,
3518,C244,dreadnaut,6,0,
3519,C244,Frieshansen,7,0,
3520,C244,Overdrijf,8,0,
3521,C244,Heretic,9,0,
3522,C244,Cas,10,0,
3523,C244,Ryoma,11,0,
3524,C244,Usrin,12,0,
3525,C244,afullo,13,0,
3526,C244,"Shoegazing Leo",14,0,
3527,C244,Daniel3D,15,0,
3528,C244,matamo,16,0,
3529,C244,"Stan 286XT",17,0,EX3
