Track,Racer,Rank,Ghost,Status
C1,Fdzierva,1,0,
C1,"Ben Snel",2,0,
C1,"Zak McKracken",3,0,
C1,Trx,4,0,
C1,KHR,5,0,
C1,JTK,6,0,
C1,Petmorgo,7,0,
C1,Charles,8,0,
C1,PCK,9,0,
C2,Fdzierva,1,0,
C2,"Zak McKracken",2,0,
C2,"Ben Snel",3,0,
C2,"Roy Wiegerinck",4,0,
C2,"Thijs Wiegerinck",5,0,
C2,"Bonzai Joe",6,0,
C2,KHR,7,0,
C2,JTK,8,0,
C2,Trx,9,0,
C2,Adam,10,0,
C2,Petmorgo,11,0,
C3,"Roy Wiegerinck",1,0,
C3,"Bonzai Joe",2,0,
C3,"Ben Snel",3,0,
C3,"Zak McKracken",4,0,
C3,Petmorgo,5,0,
C3,KHR,6,0,
C3,"Hot Shot",7,0,
C4,"Roy Wiegerinck",1,0,
C4,"Ben Snel",2,0,
C4,"Bonzai Joe",2,0,
C4,"Zak McKracken",4,0,
C4,KHR,5,0,
C4,JTK,6,0,
C4,"The Never Sleeping",7,0,
C4,"Unknown Racer 1",8,0,
C5,"Roy Wiegerinck",1,0,
C5,"Zak McKracken",2,0,
C5,"Ben Snel",3,0,
C5,"Sylvain Chabert",4,0,
C5,Nathan,5,0,
C5,Trx,6,0,
C5,KHR,7,0,
C6,"Roy Wiegerinck",1,0,
C6,"Sylvain Chabert",2,0,
C6,Argammon,3,0,
C6,Gus,4,0,
C6,"Zak McKracken",5,0,
C6,"Paulo Ribeiro",6,0,
C6,"Ben Snel",7,0,
C6,Brambi,8,0,
C6,Trx,9,0,
C6,Nick,10,0,
C7,"Roy Wiegerinck",1,0,
C7,"Zak McKracken",2,0,
C7,"Paulo Ribeiro",3,0,
C7,"Ben Snel",4,0,
C7,Argammon,5,0,
C7,Ravager,6,0,
C7,Tangent,7,0,
C7,Trx,8,0,
C7,Idiot,9,0,
C8,"Roy Wiegerinck",1,0,
C8,Bismarck,2,0,
C8,"Ben Snel",3,0,
C8,"Bonzai Joe",4,0,
C8,"Zak McKracken",5,0,
C8,Iribaar,6,0,
C8,Idiot,7,0,
C8,"Paulo Ribeiro",8,0,
C8,Trx,9,0,
C9,Bismarck,1,0,
C9,Argammon,2,0,
C9,"Bonzai Joe",3,0,
C9,"Ben Snel",4,0,
C9,"Zak McKracken",5,0,
C9,Juank_23,6,0,
C9,"Paulo Ribeiro",7,0,
C9,Idiot,8,0,
C9,Trx,9,0,
C9,Iribaar,10,0,
C10,Argammon,1,0,
C10,"Roy Wiegerinck",2,0,
C10,Bismarck,3,0,
C10,Usrin,4,0,
C10,"Bonzai Joe",5,0,
C10,"Pershing II",6,0,
C10,"Ben Snel",7,0,
C10,Dario,8,0,
C10,"Zak McKracken",9,0,
C10,"Skid Vicious",10,1,
C10,J-J,11,0,
C10,Juank_23,12,0,
C10,Ravager,13,0,
C10,Idiot,14,0,
C10,"Herr Otto Partz",15,1,
C10,Trx,16,0,
C10,"Joe Stallin",17,1,
C10,"Helen Wheels",18,1,
C10,"Bernie Rubber",19,1,
C10,"Cherry Chassis",20,1,
C11,"Roy Wiegerinck",1,0,
C11,"Bonzai Joe",2,0,
C11,"Pershing II",3,0,
C11,Argammon,4,0,
C11,Bismarck,5,0,
C11,"Ben Snel",6,0,
C11,Dario,7,0,
C11,Usrin,8,0,
C11,Juank_23,9,0,
C11,"Zak McKracken",10,0,
C11,"Rui Figueiredo",11,0,
C11,Roberto,12,0,
C11,"Skid Vicious",13,1,
C11,"Herr Otto Partz",14,1,
C11,"Helen Wheels",15,1,
C11,"Joe Stallin",16,1,
C11,"Cherry Chassis",17,1,
C11,"Bernie Rubber",18,1,
C12,"Roy Wiegerinck",1,0,
C12,Argammon,2,0,
C12,"Bonzai Joe",3,0,
C12,"Ben Snel",4,0,
C12,Usrin,5,0,
C12,"Akoss Poo",6,0,
C12,Bismarck,7,0,
C12,"Pershing II",8,0,
C12,Dario,9,0,
C12,"Fred Merc",10,0,
C12,"Judge Greg",11,0,
C12,"Skid Vicious",12,1,
C12,"Helen Wheels",13,1,
C12,"Joe Stallin",14,1,
C12,"Zak McKracken",15,0,
C12,Eszter,16,0,
C12,"Herr Otto Partz",17,1,
C12,"Cordi MontSerrat",18,0,
C12,Roberto,19,0,
C12,Charles,20,0,
C12,"Cherry Chassis",21,1,
C12,"Bernie Rubber",22,1,
C13,"Bonzai Joe",1,0,
C13,"Roy Wiegerinck",2,0,
C13,"Pershing II",3,0,
C13,"Akoss Poo",4,0,
C13,"Ben Snel",5,0,
C13,Usrin,6,0,
C13,Bismarck,7,0,
C13,"Zak McKracken",8,0,
C13,CTG,9,0,
C13,"Cordi MontSerrat",10,0,
C13,"Ukyo Katayama",11,1,
C13,Eszter,12,0,
C13,"Short Cutfinder",13,1,
C14,"Roy Wiegerinck",1,0,
C14,"Ben Snel",2,0,
C14,"Bonzai Joe",3,0,
C14,Bismarck,4,0,
C14,"Alan Rotoi",5,0,
C14,Usrin,6,0,
C14,"Akoss Poo",7,0,
C14,"Zak McKracken",7,0,
C14,CTG,9,0,
C14,"Pershing II",10,0,
C14,"Cordi MontSerrat",11,0,
C14,Juank_23,12,0,
C14,"Ukyo Katayama",13,1,
C14,Mingva,14,0,
C14,"Skid Vicious",15,1,
C14,"Herr Otto Partz",16,1,
C14,"Eddie Brother",17,0,
C14,"Helen Wheels",18,1,
C14,"Joe Stallin",19,1,
C14,Eszter,20,0,
C14,"Bernie Rubber",21,1,
C14,"Peter Szabo",22,0,
C14,"Cherry Chassis",23,1,
C14,SDK,24,0,
P1,"Roy Wiegerinck",1,0,
P1,"Bonzai Joe",2,0,
P1,Mingva,3,0,
P1,"Alan Rotoi",4,0,
P1,"Pershing II",5,0,
P1,Alain,6,0,
P1,"Ben Snel",7,0,
P1,Usrin,8,0,
P1,"Akoss Poo",9,0,
P1,"Eddie Brother",10,0,
P1,CTG,11,0,
P1,"Zak McKracken",12,0,
C15,"Roy Wiegerinck",1,0,
C15,"Bonzai Joe",2,0,
C15,"Alan Rotoi",3,0,
C15,"Akoss Poo",4,0,
C15,Bismarck,5,0,
C15,Usrin,6,0,
C15,"Ben Snel",7,0,
C15,CTG,8,0,
C15,Alain,9,0,
C15,Mingva,10,0,
C15,"Pershing II",11,0,
C15,"Ukyo Katayama",12,1,
C15,"Zak McKracken",13,0,
C15,Juank_23,14,0,
C15,"Eddie Brother",15,0,
C15,"Judge Greg",16,0,
P2,Mingva,1,0,
P2,"Alan Rotoi",2,0,
P2,Alain,3,0,
P2,"Akoss Poo",4,0,
P2,Usrin,4,0,
P2,Bismarck,6,0,
P2,"Roy Wiegerinck",7,0,
P2,"Judge Greg",8,0,
P2,CTG,9,0,
C16,"Alan Rotoi",1,0,
C16,Alain,2,0,
C16,"Bonzai Joe",3,0,
C16,"Akoss Poo",4,0,
C16,Mingva,5,0,
C16,"Roy Wiegerinck",6,0,
C16,Bismarck,7,0,
C16,"Zak McKracken",8,0,
C16,"Krys TOFF",9,0,
C16,"Eddie Brother",10,0,
C16,Usrin,11,0,
C16,"Ben Snel",12,0,
C16,"Rui Figueiredo",13,0,
C16,"Judge Greg",14,0,
C16,S@mpi,15,0,
C16,"Evair E. Monenegro",16,0,
P3,Usrin,1,0,
P3,"Akoss Poo",2,0,
P3,Alain,3,0,
P3,Mingva,4,0,
P3,"Krys TOFF",5,0,
P3,"Alan Rotoi",6,0,
P3,"Bonzai Joe",7,0,
P3,CMG,8,0,
P3,"Zak McKracken",9,0,
P3,"Eddie Brother",10,0,
P3,LQR,11,0,
P3,S@mpi,12,0,
C17,"Alan Rotoi",1,0,
C17,"Bonzai Joe",2,0,
C17,"Zak McKracken",3,0,
C17,"Roy Wiegerinck",4,0,
C17,"Akoss Poo",5,0,
C17,Alain,6,0,
C17,LQR,7,0,
C17,Mingva,8,0,
C17,Usrin,9,0,
C17,"Ben Snel",9,0,
C17,"Krys TOFF",11,0,
C17,"Rui Figueiredo",12,0,
C17,CMG,13,0,
C17,"Skid Vicious",14,1,
C17,"Herr Otto Partz",15,1,
C17,"Shoegazing Leo",16,0,
C17,"Joe Stallin",17,1,
C17,"Helen Wheels",17,1,
C17,Dave,19,0,
C17,S@mpi,20,0,
C17,"Bernie Rubber",21,1,
C17,"Cherry Chassis",22,1,
C18,"Alan Rotoi",1,0,
C18,Alain,2,0,
C18,"Bonzai Joe",3,0,
C18,"Ben Snel",4,0,
C18,"Zak McKracken",5,0,
C18,Mingva,6,0,
C18,"Roy Wiegerinck",7,0,
C18,CTG,8,0,
C18,"Bolo Yeung",9,1,
C18,Usrin,10,0,
C18,"Krys TOFF",11,0,
C18,"Ukyo Katayama",12,1,
C18,"Shoegazing Leo",13,0,
C18,"Andre Geo",14,0,
C19,"Bonzai Joe",1,0,
C19,"Alan Rotoi",2,0,
C19,Argammon,3,0,
C19,"Zak McKracken",3,0,
C19,Alain,5,0,
C19,Mingva,6,0,
C19,"Akoss Poo",7,0,
C19,"Krys TOFF",8,0,
C19,"Ben Snel",9,0,
C19,CTG,10,0,
C19,Usrin,11,0,
C19,"Ukyo Katayama",12,1,
C19,"Bolo Yeung",13,1,
C19,"Andre Geo",14,0,
C19,"Shoegazing Leo",15,0,
C19,"Neil McRae",16,0,
C19,Szabee,17,0,
C19,Vlad,18,0,
C20,"Bonzai Joe",1,0,
C20,"Alan Rotoi",2,0,
C20,Alain,3,0,
C20,"Akoss Poo",4,0,
C20,"Zak McKracken",5,0,
C20,Usrin,5,0,
C20,"Krys TOFF",7,0,
C20,Mingva,8,0,
C20,CTG,9,0,
C20,"Bolo Yeung",10,1,
C20,"Shoegazing Leo",11,0,
C20,"Andre Geo",12,0,
C20,Manowar,13,0,
C20,Vlad,14,0,
C20,Koenovic,15,0,
C21,"Bonzai Joe",1,0,
C21,"Alan Rotoi",2,0,
C21,"Akoss Poo",3,0,
C21,Argammon,4,0,
C21,"Krys TOFF",5,0,
C21,"Zak McKracken",6,0,
C21,Alain,7,0,
C21,CTG,8,0,
C21,Mingva,9,0,
C21,Bismarck,10,0,
C21,PedroAntonio,11,0,
C21,Usrin,12,0,
C21,"Andre Geo",13,0,
C21,LQR,14,0,
C21,Dayan,15,0,
C21,Rudo,16,0,
C21,Doelloos,17,0,
C21,"Shoegazing Leo",18,0,
C21,A.J.,19,0,
C21,XDude_NL,20,0,
C21,"Eric Rucker",21,0,
C21,Koenovic,22,0,
C22,"Alan Rotoi",1,0,
C22,"Bonzai Joe",2,0,
C22,Alain,3,0,
C22,"Akoss Poo",3,0,
C22,Argammon,5,0,
C22,"Zak McKracken",6,0,
C22,CTG,7,0,
C22,XDude_NL,8,0,
C22,Mingva,9,0,
C22,Doelloos,10,0,
C22,Usrin,11,0,
C22,"Krys TOFF",12,0,
C22,Dayan,13,0,
C22,Rudo,14,0,
C22,Bismarck,15,0,
C22,"Shoegazing Leo",16,0,
C22,PedroAntonio,17,0,
C22,"Norbert Schneider",18,0,
C23,"Bonzai Joe",1,0,
C23,Argammon,2,0,
C23,"Akoss Poo",3,0,
C23,XDude_NL,4,0,
C23,Doelloos,5,0,
C23,Icecube,6,0,
C23,Mingva,7,0,
C23,"Zak McKracken",8,0,
C23,Usrin,9,0,
C23,"Alan Rotoi",10,0,
C23,"Krys TOFF",11,0,
C23,CTG,12,0,
C23,PedroAntonio,13,0,
C23,"Shoegazing Leo",14,0,
C23,"Daffy Duck",15,0,
C23,"Tweety Bird",16,0,
C24,Argammon,1,0,
C24,Alain,2,0,
C24,"Alan Rotoi",3,0,
C24,"Akoss Poo",4,0,
C24,"Krys TOFF",5,0,
C24,"Bonzai Joe",6,0,
C24,Usrin,7,0,
C24,CTG,7,0,
C24,"Zak McKracken",9,0,
C24,Mingva,10,0,
C24,XDude_NL,11,0,
C24,Doelloos,12,0,
C24,"Shoegazing Leo",13,0,
C24,"Neil McRae",14,0,
C24,"Daffy Duck",15,0,
C24,"Tweety Bird",16,0,
C25,"Bonzai Joe",1,0,
C25,Alain,2,0,
C25,"Akoss Poo",3,0,
C25,CTG,4,0,
C25,"Bolo Yeung",5,1,
C25,Usrin,6,0,
C25,"Krys TOFF",7,0,
C25,"Zak McKracken",8,0,
C25,Myron,9,0,
C25,"Shoegazing Leo",10,0,
C25,Mingva,11,0,
C25,Lupuszka,12,0,
C25,JTK,13,0,
C25,"Neil McRae",14,0,
C25,"Tweety Bird",15,0,
C25,"Daffy Duck",16,0,
C26,Alain,1,0,
C26,"Akoss Poo",2,0,
C26,"Alan Rotoi",3,0,
C26,"Bonzai Joe",4,0,
C26,CTG,5,0,
C26,"Krys TOFF",6,0,
C26,Usrin,7,0,
C26,"Zak McKracken",8,0,
C26,XDude_NL,9,0,
C26,Doelloos,10,0,
C26,Argammon,11,0,
C26,Mingva,12,0,
C26,Myron,13,0,
C26,"Shoegazing Leo",14,0,
C26,Böbszlee,15,0,
C26,Dabuek,16,0,
C26,JTK,17,0,
C26,"Neil McRae",18,0,
C26,"Daffy Duck",19,0,
C26,"Tweety Bird",20,0,
C26,Schila,21,0,
C27,Alain,1,0,
C27,"Akoss Poo",2,0,
C27,XDude_NL,3,0,
C27,Myron,4,0,
C27,Doelloos,5,0,
C27,"Bonzai Joe",6,0,
C27,CTG,7,0,
C27,"Zak McKracken",8,0,
C27,Usrin,9,0,
C27,"Krys TOFF",10,0,
C27,satanziege,11,0,
C27,"Vasilij Orlov",12,0,
C27,Dabuek,13,0,
C27,"Shoegazing Leo",14,0,
C27,Böbszlee,15,0,
C27,JTK,16,0,
C27,Schila,17,0,
C27,"Neil McRae",18,0,
C27,"Daffy Duck",19,0,
C27,"Tweety Bird",20,0,
C28,Alain,1,0,
C28,"Akoss Poo",2,0,
C28,XDude_NL,3,0,
C28,Usrin,4,0,
C28,Doelloos,5,0,
C28,"Bonzai Joe",6,0,
C28,"Zak McKracken",7,0,
C28,"Alan Rotoi",8,0,
C28,satanziege,9,0,
C28,"Krys TOFF",10,0,
C28,"Fernando Brito",11,0,
C28,Dabuek,12,0,
C28,"Shoegazing Leo",13,0,
C28,"Vasilij Orlov",14,0,
C28,JTK,15,0,
C28,Schila,16,0,
C29,Alain,1,0,
C29,Argammon,1,0,
C29,"Krys TOFF",3,0,
C29,Mingva,4,0,
C29,"Akoss Poo",5,0,
C29,"Fernando Brito",6,0,
C29,"Zak McKracken",7,0,
C29,Usrin,8,0,
C29,"Bonzai Joe",9,0,
C29,satanziege,10,0,
C29,"Alan Rotoi",11,0,
C29,XDude_NL,12,0,
C29,Mushi,13,0,
C29,"Shoegazing Leo",14,0,
C29,Ranger,15,0,
C29,JTK,16,0,
C29,"Neil McRae",17,0,
C29,Dabuek,18,0,
C29,KHR,19,0,
C30,"Bonzai Joe",1,0,
C30,Alain,2,0,
C30,"Akoss Poo",3,0,
C30,Usrin,4,0,
C30,"Zak McKracken",5,0,
C30,"Krys TOFF",6,0,
C30,Mingva,7,0,
C30,satanziege,8,0,
C30,"Fernando Brito",9,0,
C30,XDude_NL,10,0,
C30,THORGAL,11,0,
C30,"Kert Rift",12,0,
C30,"Shoegazing Leo",13,0,
C30,Mushi,14,0,
C30,Ranger,15,0,
C30,KHR,16,0,
C30,JTK,17,0,
C30,"Daffy Duck",18,0,
C30,"Tweety Bird",19,0,
C31,Alain,1,0,
C31,Argammon,2,0,
C31,"Akoss Poo",3,0,
C31,Mingva,4,0,
C31,CTG,5,0,
C31,"Krys TOFF",6,0,
C31,"Zak McKracken",7,0,
C31,"Bonzai Joe",8,0,
C31,satanziege,9,0,
C31,"Fernando Brito",10,0,
C31,Ranger,11,0,
C31,XDude_NL,12,0,
C31,Floflo81,13,0,
C31,Looger,14,0,
C31,"Shoegazing Leo",15,0,
C31,JTK,16,0,
C32,Mingva,1,0,
C32,Alain,2,0,
C32,Argammon,3,0,
C32,"Bonzai Joe",4,0,
C32,"Krys TOFF",5,0,
C32,"Zak McKracken",6,0,
C32,"Akoss Poo",7,0,
C32,CTG,8,0,
C32,"Fernando Brito",9,0,
C32,Guga,10,0,
C32,Nigno,11,0,
C32,satanziege,12,0,
C32,Floflo81,13,0,
C32,Ranger,14,0,
C32,"Shoegazing Leo",15,0,
C32,JTK,16,0,
C32,"Daffy Duck",17,0,
C32,"Tweety Bird",18,0,
C33,Argammon,1,0,
C33,"Bonzai Joe",2,0,
C33,"Akoss Poo",3,0,
C33,Mingva,4,0,
C33,CTG,5,0,
C33,"Zak McKracken",6,0,
C33,"Krys TOFF",7,0,
C33,Usrin,8,0,
C33,Guga,9,0,
C33,satanziege,10,0,
C33,Alain,11,0,
C33,Gutix,12,0,
C33,Ranger,13,0,
C33,"Shoegazing Leo",14,0,
C34,Argammon,1,0,
C34,CTG,2,0,
C34,"Akoss Poo",3,0,
C34,"Zak McKracken",4,0,
C34,Alain,5,0,
C34,Gutix,6,0,
C34,"Bonzai Joe",7,0,
C34,"Alan Rotoi",8,0,
C34,"Krys TOFF",9,0,
C34,Usrin,10,0,
C34,satanziege,11,0,
C34,DieselJoe,12,0,
C34,Mingva,13,0,
C34,Guga,14,0,
C34,caesar,15,0,
C34,"Shoegazing Leo",16,0,
C34,"Ford Perfect",17,0,
C34,"Daffy Duck",18,0,
C34,"Tweety Bird",19,0,
C34,Lupuszka,20,0,
C34,Ranger,21,0,
C35,Argammon,1,0,
C35,Alain,2,0,
C35,Mingva,3,0,
C35,"Akoss Poo",4,0,
C35,CTG,5,0,
C35,Gutix,6,0,
C35,"Bonzai Joe",7,0,
C35,"Alan Rotoi",8,0,
C35,Usrin,9,0,
C35,"Zak McKracken",10,0,
C35,DarkChaser,11,0,
C35,satanziege,12,0,
C35,"Shoegazing Leo",13,0,
C35,caesar,14,0,
C35,Guga,15,0,
C35,DieselJoe,16,0,
C35,"Krys TOFF",17,0,
C35,JTK,18,0,
C35,"Tweety Bird",19,0,
C36,Gutix,1,0,
C36,CTG,2,0,
C36,"Akoss Poo",3,0,
C36,"Bonzai Joe",4,0,
C36,"Alan Rotoi",5,0,
C36,Usrin,6,0,
C36,"Krys TOFF",7,0,
C36,"Zak McKracken",8,0,
C36,DarkChaser,9,0,
C36,DieselJoe,10,0,
C36,Mingva,11,0,
C36,Alain,12,0,
C36,satanziege,13,0,
C36,"Shoegazing Leo",14,0,
C36,Guga,15,0,
C37,Gutix,1,0,
C37,"Akoss Poo",2,0,
C37,CTG,3,0,
C37,"Krys TOFF",4,0,
C37,Usrin,5,0,
C37,Argammon,6,0,
C37,"Bonzai Joe",7,0,
C37,"Zak McKracken",8,0,
C37,Alain,9,0,
C37,DarkChaser,10,0,
C37,satanziege,11,0,
C37,"Shoegazing Leo",12,0,
C37,CM,13,0,
C38,Gutix,1,0,
C38,"Akoss Poo",2,0,
C38,CTG,3,0,
C38,"Bonzai Joe",4,0,
C38,Argammon,5,0,
C38,Mingva,6,0,
C38,"Krys TOFF",7,0,
C38,"Zak McKracken",8,0,
C38,"Alan Rotoi",9,0,
C38,Usrin,10,0,
C38,DarkChaser,11,0,
C38,satanziege,12,0,
C38,"Shoegazing Leo",13,0,
C39,Alain,1,0,
C39,"Bonzai Joe",2,0,
C39,Gutix,3,0,
C39,Mingva,4,0,
C39,"Akoss Poo",5,0,
C39,Usrin,6,0,
C39,CTG,7,0,
C39,"Krys TOFF",8,0,
C39,"Zak McKracken",9,0,
C39,"Alan Rotoi",10,0,
C39,DarkChaser,11,0,
C39,satanziege,12,0,
C39,DieselJoe,13,0,
C39,Mr.Hiccup,14,0,
C39,"Shoegazing Leo",15,0,
C39,lise,16,0,EX1
C40,Alain,1,0,
C40,Gutix,2,0,
C40,"Akoss Poo",3,0,
C40,CTG,4,0,
C40,"Zak McKracken",5,0,
C40,"Bonzai Joe",6,0,
C40,"Krys TOFF",7,0,
C40,Mingva,8,0,
C40,satanziege,9,0,
C40,DarkChaser,10,0,
C40,"Alan Rotoi",11,0,
C40,DieselJoe,12,0,
C40,TurboJack,13,0,
C40,"Shoegazing Leo",14,0,
C40,DiegoSM,15,0,
C40,Cyberman,16,0,
C40,Orgona,17,0,
C41,Gutix,1,0,
C41,"Akoss Poo",2,0,
C41,Alain,3,0,
C41,"Bonzai Joe",4,0,
C41,Usrin,5,0,
C41,"Alan Rotoi",6,0,
C41,"Krys TOFF",7,0,
C41,CTG,8,0,
C41,DieselJoe,9,0,
C41,"Zak McKracken",10,0,
C41,satanziege,11,0,
C41,DarkChaser,12,0,
C41,TurboJack,13,0,
C41,"Shoegazing Leo",14,0,
C41,Mr.Hiccup,15,0,
C41,Cyberman,16,0,
C41,Trx,17,0,
C42,"Bonzai Joe",1,0,
C42,"Alan Rotoi",2,0,
C42,"Akoss Poo",3,0,
C42,Gutix,4,0,
C42,Usrin,5,0,
C42,"Krys TOFF",6,0,
C42,DarkChaser,7,0,
C42,DieselJoe,8,0,
C42,"Zak McKracken",9,0,
C42,Alain,10,0,
C42,satanziege,11,0,
C42,"Shoegazing Leo",12,0,
C42,lise,13,0,
C42,Dinmor,14,0,
C42,KHR,15,0,
C42,DarkLady,16,0,
C42,JTK,17,0,
C43,Gutix,1,0,
C43,"Akoss Poo",2,0,
C43,Mingva,3,0,
C43,"Bonzai Joe",4,0,
C43,"Zak McKracken",5,0,
C43,"Alan Rotoi",6,0,
C43,DarkChaser,7,0,
C43,CTG,8,0,
C43,Usrin,9,0,
C43,"Krys TOFF",10,0,
C43,DieselJoe,10,0,
C43,satanziege,12,0,
C43,phoxetis,13,0,
C43,lise,14,0,
C43,Dinmor,15,0,
C43,"Shoegazing Leo",16,0,
C44,Gutix,1,0,
C44,"Bonzai Joe",2,0,
C44,CTG,3,0,
C44,"Akoss Poo",4,0,
C44,"Alan Rotoi",5,0,
C44,"Krys TOFF",6,0,
C44,DieselJoe,7,0,
C44,"Zak McKracken",7,0,
C44,Usrin,9,0,
C44,Mingva,10,0,
C44,DarkChaser,11,0,
C44,satanziege,12,0,
C44,lise,13,0,
C44,Alain,14,0,
C45,CTG,1,0,
C45,"Akoss Poo",2,0,
C45,Gutix,3,0,
C45,Usrin,4,0,
C45,"Bonzai Joe",5,0,
C45,DieselJoe,6,0,
C45,"Krys TOFF",7,0,
C45,Mingva,8,0,
C45,DarkChaser,9,0,
C45,"Zak McKracken",10,0,
C45,"Alan Rotoi",11,0,
C45,Alain,12,0,
C45,satanziege,13,0,
C45,caesar,14,0,
C45,"Blind Ryan",15,0,
C46,Gutix,1,0,
C46,"Alan Rotoi",2,0,
C46,"Bonzai Joe",3,0,
C46,Alain,4,0,
C46,Argammon,5,0,
C46,CTG,6,0,
C46,"Zak McKracken",7,0,
C46,Usrin,8,0,
C46,"Krys TOFF",9,0,
C46,DarkChaser,10,0,
C46,DieselJoe,11,0,
C46,Dottore,12,1,
C46,"Shoegazing Leo",13,0,
C46,AbuRaf70,14,0,
C46,Ranger,15,0,
C46,Dinmor,16,0,
C46,caesar,17,0,
C46,satanziege,18,0,
C46,offthewall,19,0,
C46,"Tweety Bird",20,0,
C47,"Alan Rotoi",1,0,
C47,Argammon,2,0,
C47,Alain,3,0,
C47,Gutix,4,0,
C47,"Bonzai Joe",5,0,
C47,CTG,6,0,
C47,DarkChaser,7,0,
C47,"Zak McKracken",8,0,
C47,DieselJoe,9,0,
C47,"Akoss Poo",10,0,
C47,"Krys TOFF",11,0,
C47,Paleke,12,0,
C47,AbuRaf70,13,0,
C47,"Shoegazing Leo",14,0,
C47,"Stunts GrimReaper",15,0,
C47,Dinmor,16,0,
C47,lise,17,0,
C47,offthewall,18,0,
C47,"N. Oliveira",19,0,
C47,NicoPelu,20,0,DSQ
C48,CTG,1,0,
C48,"Bonzai Joe",2,0,
C48,Alain,3,0,
C48,Argammon,4,0,
C48,Ayrton,5,0,
C48,DarkChaser,6,0,
C48,"Krys TOFF",7,0,
C48,"Zak McKracken",8,0,
C48,"Alan Rotoi",9,0,
C48,Dottore,10,1,
C48,DieselJoe,11,0,
C48,Usrin,12,0,
C48,satanziege,13,0,
C48,Paleke,14,0,
C48,AbuRaf70,15,0,
C48,"Shoegazing Leo",16,0,
C48,Jufictus,17,0,
C48,Umberto,18,0,
C48,lise,19,0,
C48,Dinmor,20,0,
C48,NicoPelu,21,0,
C48,Chulk,22,0,DSQ
C49,CTG,1,0,
C49,Gutix,2,0,
C49,Ayrton,3,0,
C49,Alain,4,0,
C49,vamologocomisso,5,0,
C49,Argammon,6,0,
C49,Chulk,7,0,
C49,DarkChaser,8,0,
C49,Dottore,9,1,
C49,"Zak McKracken",10,0,
C49,"Krys TOFF",11,0,
C49,Usrin,12,0,
C49,DieselJoe,13,0,
C49,Paleke,14,0,
C49,AbuRaf70,15,0,
C49,von_SPEK,16,0,
C49,Dinmor,17,0,
C49,"Bonzai Joe",18,0,
C49,SergioBaro,19,0,
C49,"Shoegazing Leo",20,0,
C49,lise,21,0,
C50,Alain,1,0,
C50,DarkChaser,2,0,
C50,vamologocomisso,3,0,
C50,"Krys TOFF",4,0,
C50,Ayrton,5,0,
C50,Usrin,6,0,
C50,Chulk,7,0,
C50,Dottore,8,1,
C50,"Zak McKracken",9,0,
C50,AbuRaf70,10,0,
C50,Johnny-K,11,0,
C50,SergioBaro,12,0,
C50,Paleke,13,0,
C50,"Shoegazing Leo",14,0,
C50,Dinmor,15,0,
C50,satanziege,16,0,
C51,Gutix,1,0,
C51,Chulk,2,0,
C51,Ayrton,3,0,
C51,Alain,4,0,
C51,Argammon,5,0,
C51,CTG,6,0,
C51,DarkChaser,7,0,
C51,Usrin,8,0,
C51,"Zak McKracken",9,0,
C51,vamologocomisso,10,0,
C51,Dottore,11,1,
C51,"Krys TOFF",12,0,
C51,AbuRaf70,13,0,
C51,Mingva,14,0,
C51,Dragonfly,15,1,
C51,Freeza,16,1,
C51,SergioBaro,17,0,
C51,Paleke,18,0,
C51,Johnny-K,19,0,
C51,"Bonzai Joe",20,0,
C51,"Shoegazing Leo",21,0,
C51,StolenBike,22,0,
C51,"Chicken in the oven",23,1,
C51,satanziege,24,0,
C51,lise,25,0,
C51,Tirgen,26,0,DSQ
C52,Ayrton,1,0,
C52,Argammon,2,0,
C52,"Akoss Poo",3,0,
C52,Gutix,4,0,
C52,CTG,5,0,
C52,Chulk,6,0,
C52,Alain,7,0,
C52,"Krys TOFF",8,0,
C52,DarkChaser,9,0,
C52,"Zak McKracken",10,0,
C52,vamologocomisso,11,0,
C52,Dottore,12,1,
C52,Dragonfly,13,1,
C52,AbuRaf70,14,0,
C52,Usrin,15,0,
C52,Navras,16,1,
C52,Johnny-K,17,0,
C52,SergioBaro,18,0,
C52,StolenBike,19,0,
C52,DieselJoe,20,0,
C52,Paleke,21,0,
C52,"Shoegazing Leo",22,0,
C52,Tirgen,23,0,
C52,"Wrecking Punk",24,1,
C52,HappyWorm,25,0,
C52,attis,26,0,
C52,TurboJack,27,0,
C52,AlanChuytrix70,28,1,DSQ
C53,"Akoss Poo",1,0,
C53,Ayrton,2,0,
C53,Gutix,3,0,
C53,CTG,4,0,
C53,Dragonfly,5,1,
C53,Chulk,6,0,
C53,Alain,7,0,
C53,"Zak McKracken",8,0,
C53,AbuRaf70,9,0,
C53,Navras,10,1,
C53,"Krys TOFF",11,0,
C53,SergioBaro,12,0,
C53,DieselJoe,13,0,
C53,Johnny-K,14,0,
C53,Paleke,15,0,
C53,Dinmor,16,0,
C53,"Andrea Sacchi",17,1,
C53,satanziege,18,0,
C53,"Desert Ice",19,1,
C53,"Shoegazing Leo",20,0,
C53,Tirgen,21,0,
C53,"FTC Stormy Scamps",22,1,
C54,Ayrton,1,0,
C54,Chulk,2,0,
C54,CTG,3,0,
C54,"Akoss Poo",4,0,
C54,Gutix,5,0,
C54,Usrin,6,0,
C54,DarkChaser,7,0,
C54,vamologocomisso,8,0,
C54,"Alan Rotoi",9,0,
C54,Dottore,10,1,
C54,Alain,11,0,
C54,"Zak McKracken",12,0,
C54,"Krys TOFF",13,0,
C54,AbuRaf70,14,0,
C54,Johnny-K,15,0,
C54,Navras,16,1,
C54,Paleke,17,0,
C54,SergioBaro,18,0,
C54,"Milka Hakkinen",19,1,
C54,mislav,20,0,
C54,DieselJoe,21,0,
C54,satanziege,22,0,
C54,"Shoegazing Leo",23,0,
C54,lise,24,0,
C54,testerlnx,25,0,
C55,"Bonzai Joe",1,0,
C55,Ayrton,2,0,
C55,CTG,3,0,
C55,Alain,4,0,
C55,Chulk,5,0,
C55,"Zak McKracken",6,0,
C55,"Akoss Poo",7,0,
C55,Dottore,8,1,
C55,Usrin,8,0,
C55,DarkChaser,10,0,
C55,"Alan Rotoi",11,0,
C55,"Krys TOFF",12,0,
C55,"Super Pursuit Mode",13,1,
C55,DieselJoe,14,0,
C55,Navras,15,1,
C55,Dragonfly,16,1,
C55,AbuRaf70,17,0,
C55,H-Bomb,18,1,
C55,XTorres,19,1,
C55,mislav,20,0,
C55,Freeza,21,1,
C55,Tirgen,22,0,
C55,satanziege,23,0,
C55,SergioBaro,24,0,
C55,Paleke,25,0,
C55,"Shoegazing Leo",26,0,
C55,"Flying Samba Racer",27,0,
C55,lise,28,0,
C55,Zweigelt,29,1,
C55,Ursin,30,1,DSQ
C55,docu,30,0,DSQ
C56,Ayrton,1,0,
C56,Gutix,2,0,
C56,Alain,3,0,
C56,CTG,4,0,
C56,DarkChaser,5,0,
C56,Dottore,6,1,
C56,"Bonzai Joe",7,0,
C56,"Akoss Poo",8,0,
C56,mislav,9,0,
C56,"Zak McKracken",10,0,
C56,Chulk,11,0,
C56,Navras,12,1,
C56,DieselJoe,13,0,
C56,Usrin,14,0,
C56,"Krys TOFF",15,0,
C56,AbuRaf70,16,0,
C56,Freeza,17,1,
C56,"Shoegazing Leo",18,0,
C56,Paleke,19,0,
C56,BeerBor,19,1,
C56,SergioBaro,20,0,
C56,Marci,21,0,EX1
C57,Chulk,1,0,
C57,Ayrton,2,0,
C57,CTG,3,0,
C57,Alain,4,0,
C57,Mingva,5,0,
C57,Navras,6,1,
C57,Dottore,7,1,
C57,"Zak McKracken",8,0,
C57,DarkChaser,9,0,
C57,mislav,10,0,
C57,Usrin,11,0,
C57,"Bonzai Joe",12,0,
C57,"Krys TOFF",13,0,
C57,AbuRaf70,14,0,
C57,DieselJoe,15,0,
C57,Fuoco,16,1,
C57,SergioBaro,17,0,
C57,MiDiaN,18,0,
C57,"Shoegazing Leo",19,0,
C57,Marci,20,0,
C57,Paleke,21,0,
C58,Ayrton,1,0,
C58,Alain,2,0,
C58,"Renato Biker",3,0,
C58,Chulk,4,0,
C58,CTG,5,0,
C58,DarkChaser,6,0,
C58,Jules,7,0,
C58,vamologocomisso,8,0,
C58,"Zak McKracken",9,0,
C58,"Bonzai Joe",10,0,
C58,mislav,11,0,
C58,AbuRaf70,12,0,
C58,Usrin,13,0,
C58,"Krys TOFF",14,0,
C58,Paleke,15,0,
C58,"Shoegazing Leo",16,0,
C58,hek,17,0,
C58,Johnny-K,18,0,
C58,Marci,19,0,
C59,Ayrton,1,0,
C59,"Renato Biker",2,0,
C59,Alain,3,0,
C59,"Bonzai Joe",4,0,
C59,CTG,5,0,
C59,Chulk,6,0,
C59,DarkChaser,7,0,
C59,Jules,8,0,
C59,"Zak McKracken",9,0,
C59,mislav,10,0,
C59,vamologocomisso,11,0,
C59,"Alan Rotoi",12,0,
C59,"Krys TOFF",13,0,
C59,AbuRaf70,14,0,
C59,SergioBaro,15,0,
C59,Guste,16,0,
C59,Paleke,17,0,
C59,Jr,18,0,
C59,hek,19,0,
C59,"Shoegazing Leo",20,0,
C59,JTK,21,0,
C59,satanziege,22,0,
C59,lise,23,0,
C60,Argammon,1,0,
C60,Ayrton,2,0,
C60,"Renato Biker",3,0,
C60,Chulk,4,0,
C60,Alain,5,0,
C60,"Bonzai Joe",6,0,
C60,CTG,7,0,
C60,mislav,8,0,
C60,"Zak McKracken",9,0,
C60,Navras,10,1,
C60,DarkChaser,11,0,
C60,"Alan Rotoi",12,0,
C60,AbuRaf70,13,0,
C60,Usrin,14,0,
C60,"Mark L. Rivers",15,0,
C60,"Krys TOFF",16,0,
C60,SergioBaro,17,0,
C60,"Shoegazing Leo",18,0,
C60,Jules,19,0,
C60,Paleke,20,0,
C60,lise,21,0,
C60,hek,22,0,
C60,JTK,23,0,
C60,"Gelato Baker",24,1,DSQ
C60,"Chicago Striker",24,1,DSQ
C61,Ayrton,1,0,
C61,CTG,2,0,
C61,Argammon,3,0,
C61,Alain,4,0,
C61,Chulk,5,0,
C61,"Renato Biker",6,0,
C61,"Zak McKracken",7,0,
C61,vamologocomisso,8,0,
C61,DarkChaser,9,0,
C61,"Mark L. Rivers",10,0,
C61,"Alan Rotoi",11,0,
C61,"Bonzai Joe",12,0,
C61,AbuRaf70,13,0,
C61,mislav,14,0,
C61,SuperBrian,15,0,
C61,SergioBaro,16,0,
C61,"Krys TOFF",17,0,
C61,Paleke,18,0,
C61,satanziege,19,0,
C61,Lene,20,0,
C61,JTK,21,0,
C62,"Bonzai Joe",1,0,
C62,Gutix,2,0,
C62,CTG,3,0,
C62,"Renato Biker",4,0,
C62,mislav,5,0,
C62,DarkChaser,6,0,
C62,"Zak McKracken",7,0,
C62,Navras,8,1,
C62,Chulk,9,0,
C62,AbuRaf70,10,0,
C62,"Mark L. Rivers",11,0,
C62,SergioBaro,12,0,
C62,"Krys TOFF",13,0,
C62,Alain,14,0,
C62,SuperBrian,15,0,
C62,hek,16,0,
C62,Paleke,17,0,
C62,"Shoegazing Leo",18,0,
C62,Marci,19,0,
C62,Lene,20,0,
C62,JTK,21,0,
C63,"Renato Biker",1,0,
C63,"Zak McKracken",2,0,
C63,"Bonzai Joe",3,0,
C63,Ayrton,4,0,
C63,Argammon,5,0,
C63,DarkChaser,6,0,
C63,CTG,7,0,
C63,Alain,8,0,
C63,Navras,9,1,
C63,Chulk,10,0,
C63,mislav,11,0,
C63,"Mark L. Rivers",12,0,
C63,vamologocomisso,13,0,
C63,"Krys TOFF",14,0,
C63,AbuRaf70,15,0,
C63,SuperBrian,16,0,
C63,PedroAntonio,17,0,
C63,SergioBaro,18,0,
C63,Paleke,19,0,
C63,hek,19,0,
C63,Johnny-K,21,0,
C63,JTK,22,0,
C63,Marci,23,0,
C63,"Shoegazing Leo",24,0,
C63,Lene,25,0,
C63,4.44.45,26,0,EX1
C64,"Renato Biker",1,0,
C64,CTG,2,0,
C64,"Zak McKracken",3,0,
C64,"Bonzai Joe",4,0,
C64,DarkChaser,5,0,
C64,mislav,6,0,
C64,Chulk,7,0,
C64,Alain,7,0,
C64,AbuRaf70,9,0,
C64,"Krys TOFF",10,0,
C64,"Mark L. Rivers",11,0,
C64,SuperBrian,12,0,
C64,AMG,13,0,
C64,DieselJoe,14,0,
C64,SergioBaro,15,0,
C64,hek,16,0,
C64,Johnny-K,17,0,
C64,PedroAntonio,18,0,
C64,Marci,19,0,
C64,JTK,20,0,
C65,"Renato Biker",1,0,
C65,Ayrton,2,0,
C65,"Bonzai Joe",3,0,
C65,CTG,4,0,
C65,Chulk,5,0,
C65,DarkChaser,6,0,
C65,Alain,7,0,
C65,"Mark L. Rivers",8,0,
C65,AbuRaf70,9,0,
C65,"Zak McKracken",10,0,
C65,Jules,11,0,
C65,mislav,12,0,
C65,DieselJoe,13,0,
C65,"Krys TOFF",13,0,
C65,SuperBrian,15,0,
C65,AMG,16,0,
C65,SergioBaro,17,0,
C65,Paleke,18,0,
C65,Johnny-K,19,0,
C65,PedroAntonio,20,0,
C65,"Shoegazing Leo",21,0,
C65,Quanto,22,0,
C65,corneta,23,0,DSQ
C66,CTG,1,0,
C66,Ayrton,2,0,
C66,"Bonzai Joe",3,0,
C66,"Renato Biker",4,0,
C66,"Alan Rotoi",5,0,
C66,Chulk,6,0,
C66,DarkChaser,7,0,
C66,"Zak McKracken",8,0,
C66,mislav,9,0,
C66,Dottore,10,1,
C66,AbuRaf70,11,0,
C66,DieselJoe,12,0,
C66,"Krys TOFF",13,0,
C66,SuperBrian,14,0,
C66,Dinmor,15,0,
C66,hek,16,0,
C66,JTK,17,0,
C66,"Bolo Yeung",18,1,DSQ
C67,Ayrton,1,0,
C67,"Renato Biker",2,0,
C67,CTG,3,0,
C67,"Bonzai Joe",4,0,
C67,"Krys TOFF",5,0,
C67,mislav,6,0,
C67,Chulk,7,0,
C67,AbuRaf70,8,0,
C67,"Zak McKracken",9,0,
C67,SuperBrian,10,0,
C67,DieselJoe,11,0,
C67,"Shoegazing Leo",12,0,
C67,Dinmor,13,0,
C67,SergioBaro,14,0,
C67,JTK,15,0,
C67,locura2584,16,0,
C68,"Renato Biker",1,0,
C68,Alain,2,0,
C68,Ayrton,3,0,
C68,Chulk,4,0,
C68,DarkChaser,5,0,
C68,CTG,5,0,
C68,mislav,7,0,
C68,Dottore,8,1,
C68,"Zak McKracken",9,0,
C68,"Mark L. Rivers",10,0,
C68,AbuRaf70,11,0,
C68,"Krys TOFF",12,0,
C68,SuperBrian,13,0,
C68,SergioBaro,14,0,
C68,"Shoegazing Leo",15,0,
C68,Lene,16,0,
C68,JTK,17,0,
C68,"Bonzai Joe",18,0,EX1
C69,"Renato Biker",1,0,
C69,CTG,2,0,
C69,Alain,3,0,
C69,vamologocomisso,4,0,
C69,Dottore,5,1,
C69,DarkChaser,6,0,
C69,"Zak McKracken",7,0,
C69,"Bonzai Joe",8,0,
C69,SuperBrian,9,0,
C69,Chulk,10,0,
C69,"Krys TOFF",11,0,
C69,AbuRaf70,12,0,
C69,"Shoegazing Leo",13,0,
C69,ThugBone,14,0,
C69,JTK,15,0,
C69,Lene,16,0,
C70,Gutix,1,0,
C70,CTG,2,0,
C70,"Bonzai Joe",3,0,
C70,"Renato Biker",4,0,
C70,"Zak McKracken",5,0,
C70,AbuRaf70,6,0,
C70,SuperBrian,7,0,
C70,"Krys TOFF",8,0,
C70,hek,9,0,
C70,"Shoegazing Leo",10,0,
C70,JTK,11,0,
C71,Ayrton,1,0,
C71,"Bonzai Joe",2,0,
C71,Dottore,3,1,
C71,"Zak McKracken",4,0,
C71,SuperBrian,5,0,
C71,AbuRaf70,6,0,
C71,phoxetis,7,0,
C71,ADPunk,8,0,
C71,Paleke,9,0,
C71,"Krys TOFF",10,0,
C71,JTK,11,0,
C71,AMG,12,0,DSQ
C72,Ayrton,1,0,
C72,"Mark L. Rivers",2,0,
C72,"Zak McKracken",3,0,
C72,CTG,4,0,
C72,mislav,5,0,
C72,"Bonzai Joe",6,0,
C72,Chulk,7,0,
C72,DieselJoe,8,0,
C72,AbuRaf70,9,0,
C72,"Krys TOFF",10,0,
C72,SuperBrian,11,0,
C72,Paleke,12,0,
C72,JTK,13,0,
C73,CTG,1,0,
C73,"Zak McKracken",2,0,
C73,"Krys TOFF",3,0,
C73,SuperBrian,4,0,
C73,Chulk,5,0,
C73,AbuRaf70,6,0,
C73,Paleke,7,0,
C73,ADPunk,8,0,
C73,HTE,9,0,
C73,JTK,10,0,
C74,"Mark L. Rivers",1,0,
C74,CTG,2,0,
C74,"Zak McKracken",3,0,
C74,"Krys TOFF",4,0,
C74,Chulk,5,0,
C74,SuperBrian,6,0,
C74,AbuRaf70,7,0,
C74,JTK,8,0,
C74,Paleke,9,0,
C74,"Mark Nailwood (ghost)",10,1,DSQ
C74,"Geovani da Silva (ghost)",10,1,DSQ
C75,CTG,1,0,
C75,Chulk,2,0,
C75,"Mark L. Rivers",3,0,
C75,Navras,4,1,
C75,Dottore,5,1,
C75,AbuRaf70,6,0,
C75,"Krys TOFF",7,0,
C75,Paleke,8,0,
C75,jey,9,0,
C75,JTK,10,0,
C76,CTG,1,0,
C76,"Mark L. Rivers",2,0,
C76,Chulk,3,0,
C76,Duplode,4,0,
C76,AbuRaf70,5,0,
C76,"Krys TOFF",6,0,
C76,"Zak McKracken",7,0,
C76,SergioBaro,8,0,
C76,Paleke,9,0,
C76,JTK,10,0,
C77,CTG,1,0,
C77,Dottore,2,1,
C77,"Mark L. Rivers",3,0,
C77,Duplode,4,0,
C77,"Krys TOFF",5,0,
C77,Chulk,6,0,
C77,JTK,7,0,
C78,CTG,1,0,
C78,"Mark L. Rivers",2,0,
C78,Duplode,3,0,
C78,AbuRaf70,4,0,
C78,"Krys TOFF",5,0,
C78,Chulk,6,0,
C78,SuperBrian,7,0,INV
C78,Paleke,8,0,
C78,JTK,9,0,
C79,Ayrton,1,0,
C79,Duplode,2,0,
C79,Chulk,3,0,
C79,"Mark L. Rivers",4,0,
C79,"Alan Rotoi",5,0,
C79,AbuRaf70,6,0,
C79,mislav,7,0,
C79,"Krys TOFF",8,0,
C79,"Zak McKracken",9,0,
C79,SuperBrian,10,0,
C79,SergioBaro,11,0,
C79,Simon82,12,0,EX2
C79,satanziege,13,0,
C79,JTK,14,0,
C79,"Bonzai Joe",15,0,EX2
C80,Ayrton,1,0,
C80,"Mark L. Rivers",2,0,
C80,Duplode,3,0,
C80,Chulk,4,0,
C80,AbuRaf70,5,0,
C80,"Zak McKracken",6,0,
C80,SuperBrian,7,0,
C80,Usrin,8,0,
C80,"Krys TOFF",9,0,
C80,AMG,10,0,
C80,satanziege,11,0,
C80,SergioBaro,12,0,
C80,JTK,13,0,
C81,Ayrton,1,0,
C81,Chulk,2,0,
C81,"Mark L. Rivers",3,0,
C81,"Bonzai Joe",4,0,
C81,Duplode,5,0,
C81,DarkChaser,6,0,
C81,AbuRaf70,7,0,
C81,"Zak McKracken",8,0,
C81,"Krys TOFF",9,0,
C81,SuperBrian,10,0,
C81,Turkey,11,0,
C81,AMG,12,0,
C81,Freddy,13,0,EX3
C82,Ayrton,1,0,
C82,"Bonzai Joe",2,0,
C82,CTG,3,0,
C82,"Mark L. Rivers",4,0,
C82,AbuRaf70,5,0,
C82,Duplode,6,0,
C82,DarkChaser,7,0,
C82,"Zak McKracken",8,0,
C82,SuperBrian,9,0,
C82,Chulk,10,0,
C82,"Krys TOFF",11,0,
C82,Pavekiller,12,0,
C82,Freddy,13,0,
C82,Böbszlee,14,0,
C82,Turkey,15,0,
C82,AMG,16,0,
C82,Lene,17,0,EX3
C82,Marci,18,0,EX3
C83,Ayrton,1,0,
C83,Duplode,2,0,
C83,"Mark L. Rivers",3,0,
C83,DarkChaser,4,0,
C83,"Bonzai Joe",5,0,
C83,SuperBrian,6,0,
C83,Chulk,7,0,
C83,"Zak McKracken",8,0,
C83,AbuRaf70,9,0,
C83,"Krys TOFF",10,0,
C83,Pavekiller,11,0,
C83,dstien,12,0,
C83,Antti,13,0,EX3
C83,Lene,14,0,EX3
C84,Ayrton,1,0,
C84,Duplode,2,0,
C84,"Mark L. Rivers",3,0,
C84,CTG,4,0,
C84,"Bonzai Joe",5,0,
C84,AbuRaf70,6,0,
C84,SuperBrian,7,0,
C84,"Zak McKracken",8,0,
C84,"Krys TOFF",9,0,
C84,dstien,10,0,
C84,Antti,11,0,
C85,Ayrton,1,0,
C85,"Alan Rotoi",2,0,
C85,CTG,3,0,
C85,Duplode,4,0,
C85,"Mark L. Rivers",5,0,
C85,"Bonzai Joe",6,0,
C85,"Zak McKracken",7,0,
C85,AbuRaf70,8,0,
C85,"Krys TOFF",9,0,
C85,dstien,10,0,
C85,Antti,11,0,
C86,Ayrton,1,0,
C86,Duplode,2,0,
C86,"Mark L. Rivers",3,0,
C86,CTG,4,0,
C86,"Akoss Poo",5,0,
C86,"Alan Rotoi",6,0,
C86,SuperBrian,7,0,
C86,"Bonzai Joe",8,0,
C86,AbuRaf70,9,0,
C86,Antti,10,0,
C86,"Zak McKracken",11,0,
C86,dstien,12,0,
C86,"Krys TOFF",13,0,
C87,Ayrton,1,0,
C87,CTG,2,0,
C87,"Bonzai Joe",3,0,
C87,"Mark L. Rivers",4,0,
C87,"Akoss Poo",5,0,
C87,Duplode,6,0,
C87,AbuRaf70,7,0,
C87,SuperBrian,8,0,
C87,Pavekiller,9,0,
C87,dstien,10,0,
C87,Antti,11,0,
C87,"Zak McKracken",12,0,
C87,"Krys TOFF",13,0,
C88,Ayrton,1,0,
C88,CTG,2,0,
C88,"Mark L. Rivers",3,0,
C88,Duplode,4,0,
C88,"Bonzai Joe",5,0,
C88,Navras,6,1,
C88,"Zak McKracken",7,0,
C88,SuperBrian,8,0,
C88,AbuRaf70,9,0,
C88,"Krys TOFF",10,0,
C88,dstien,11,0,
C88,Pavekiller,12,0,
C88,Fredmen67,13,0,
C88,tgm,14,0,
C88,Böbszlee,15,0,
C88,Lene,16,0,
C89,Ayrton,1,0,
C89,Duplode,2,0,
C89,CTG,3,0,
C89,"Bonzai Joe",4,0,
C89,"Zak McKracken",5,0,
C89,SuperBrian,6,0,
C89,"Alan Rotoi",7,0,
C89,AbuRaf70,8,0,
C89,Pavekiller,9,0,
C89,dstien,10,0,
C89,"Krys TOFF",11,0,
C89,tgm,12,0,
C89,Fredmen67,13,0,DSQ
C90,Ayrton,1,0,
C90,CTG,2,0,
C90,Duplode,3,0,
C90,"Alan Rotoi",4,0,
C90,SuperBrian,5,0,
C90,"Zak McKracken",6,0,
C90,"Mark L. Rivers",7,0,
C90,"Bonzai Joe",8,0,
C90,dstien,9,0,
C90,AbuRaf70,10,0,
C90,Goblin,11,0,
C90,"Krys TOFF",12,0,
C90,Fredmen67,13,0,EX3
C91,"Bonzai Joe",1,0,
C91,CTG,2,0,
C91,Duplode,3,0,
C91,Friker,4,0,
C91,"Mark L. Rivers",5,0,
C91,"Zak McKracken",6,0,
C91,SuperBrian,7,0,
C91,satanziege,8,0,
C91,"Krys TOFF",9,0,
C91,Pitman,10,0,
C91,AbuRaf70,11,0,
C91,dstien,12,0,
C91,DieselJoe,13,0,
C91,Pavekiller,14,0,
C91,Cyberman,15,0,
C91,firefoxie,16,0,
C91,Ano,17,0,
C91,Antti,18,0,
C91,Böbszlee,19,0,
C91,Fredmen67,20,0,
C91,Lene,21,0,
C92,Ayrton,1,0,
C92,Duplode,2,0,
C92,"Bonzai Joe",3,0,
C92,CTG,4,0,
C92,AbuRaf70,5,0,
C92,"Zak McKracken",6,0,
C92,SuperBrian,7,0,
C92,Chulk,8,0,
C92,Friker,9,0,
C92,dstien,10,0,
C92,Cyberman,11,0,
C92,Pitman,12,0,
C92,Pavekiller,13,0,
C92,satanziege,14,0,
C92,Overdrijf,15,0,
C92,YtseDan,16,0,
C92,Blackpulsie,17,0,
C92,firefoxie,18,0,
C92,Antti,19,0,
C92,Goblin,20,0,
C93,"Bonzai Joe",1,0,
C93,CTG,2,0,
C93,"Zak McKracken",3,0,
C93,Duplode,3,0,
C93,Friker,5,0,
C93,Pitman,6,0,
C93,AbuRaf70,7,0,
C93,Overdrijf,8,0,
C93,SuperBrian,9,0,
C93,firefoxie,10,0,
C93,dstien,11,0,
C93,satanziege,12,0,
C93,HTE,13,0,
C93,SisterOfMercy,14,0,
C93,YtseDan,15,0,
C93,Cyberman,16,0,
C93,Antti,17,0,
C94,Duplode,1,0,
C94,"Bonzai Joe",2,0,
C94,CTG,3,0,
C94,Dottore,4,1,
C94,Navras,5,1,
C94,Friker,6,0,
C94,"Zak McKracken",7,0,
C94,Chulk,8,0,
C94,SuperBrian,9,0,
C94,Overdrijf,10,0,
C94,AbuRaf70,11,0,
C94,Pitman,12,0,
C94,JoSi,13,0,
C94,Ice,14,0,
C94,dstien,15,0,
C94,satanziege,16,0,
C94,firefoxie,17,0,
C94,HTE,18,0,
C94,Cyberman,19,0,EX3
C95,Duplode,1,0,
C95,"Bonzai Joe",2,0,
C95,CTG,3,0,
C95,Friker,4,0,
C95,Dottore,5,1,
C95,SuperBrian,6,0,
C95,"Zak McKracken",7,0,
C95,AbuRaf70,8,0,
C95,Overdrijf,9,0,
C95,"Alan Rotoi",10,0,
C95,Chulk,11,0,
C95,JoSi,12,0,
C95,Ice,13,0,
C95,dstien,14,0,
C96,Duplode,1,0,
C96,CTG,2,0,
C96,"Alan Rotoi",3,0,
C96,"Zak McKracken",4,0,
C96,Mingva,5,0,
C96,"Bonzai Joe",6,0,
C96,Friker,7,0,
C96,AbuRaf70,8,0,
C96,SuperBrian,9,0,
C96,Overdrijf,10,0,
C96,dstien,11,0,
C96,Usrin,12,0,
C96,JoSi,13,0,
C96,Fredmen67,14,0,
C97,CTG,1,0,
C97,Duplode,2,0,
C97,Mingva,3,0,
C97,Friker,4,0,
C97,"Bonzai Joe",5,0,
C97,SuperBrian,6,0,
C97,"Zak McKracken",7,0,
C97,Usrin,8,0,
C97,"Alan Rotoi",9,0,
C97,Overdrijf,10,0,
C97,Ice,11,0,
C97,AbuRaf70,12,0,
C97,JoSi,13,0,
C97,dstien,14,0,
C98,Duplode,1,0,
C98,Mingva,2,0,
C98,CTG,3,0,
C98,SuperBrian,4,0,
C98,"Roy Wiegerinck",5,0,
C98,AbuRaf70,6,0,
C98,"Alan Rotoi",7,0,
C98,Dottore,8,1,
C98,Friker,9,0,
C98,"Zak McKracken",10,0,
C98,dstien,11,0,
C98,Overdrijf,12,0,
C98,Usrin,13,0,
C98,Pavekiller,14,0,
C99,Duplode,1,0,
C99,"Renato Biker",2,0,
C99,Mingva,3,0,
C99,dstien,4,0,
C99,SuperBrian,5,0,
C99,"Roy Wiegerinck",6,0,
C99,"Alan Rotoi",7,0,
C99,AbuRaf70,8,0,
C99,JoSi,9,0,
C99,"Zak McKracken",10,0,
C99,PedroAntonio,11,0,
C99,satanziege,12,0,EX3
C99,Overdrijf,13,0,DSQ
C100,Ayrton,1,0,
C100,"Renato Biker",2,0,
C100,Gutix,3,0,
C100,Duplode,4,0,
C100,"Mark L. Rivers",5,0,
C100,"Bonzai Joe",6,0,
C100,CTG,7,0,
C100,Mingva,8,0,
C100,Alain,9,0,
C100,"Alan Rotoi",10,0,
C100,SuperBrian,11,0,
C100,"Zak McKracken",12,0,
C100,AbuRaf70,13,0,
C100,Chulk,14,0,
C100,"Roy Wiegerinck",15,0,
C100,dstien,16,0,
C100,Pavekiller,17,0,
C100,PedroAntonio,18,0,
C100,Overdrijf,19,0,
C100,SergioBaro,20,0,
C100,Usrin,21,0,
C100,Friker,22,0,
C100,Lene,23,0,
C101,"Renato Biker",1,0,
C101,Duplode,2,0,
C101,Gutix,3,0,
C101,Mingva,4,0,
C101,"Alan Rotoi",5,0,
C101,Alain,6,0,
C101,CTG,7,0,
C101,"Zak McKracken",8,0,
C101,SuperBrian,9,0,
C101,AbuRaf70,10,0,
C101,"Mark L. Rivers",11,0,
C101,JoSi,12,0,
C101,"Bonzai Joe",13,0,
C101,dstien,14,0,
C101,PedroAntonio,15,0,
C102,"Renato Biker",1,0,
C102,Gutix,2,0,
C102,Mingva,3,0,
C102,"Mark L. Rivers",4,0,
C102,Duplode,5,0,
C102,AbuRaf70,6,0,
C102,SuperBrian,7,0,
C102,"Zak McKracken",8,0,
C102,"Roy Wiegerinck",9,0,
C102,dstien,10,0,EX3
C103,Duplode,1,0,
C103,Gutix,2,0,
C103,SuperBrian,3,0,
C103,"Renato Biker",4,0,
C103,Mingva,5,0,
C103,AbuRaf70,6,0,
C103,"Zak McKracken",7,0,
C103,"Alan Rotoi",8,0,
C103,dstien,9,0,
C103,satanziege,10,0,
C103,Pitman,11,0,
C103,Nubarow,12,0,
C103,Fredmen67,13,0,
C103,Lene,14,0,
C104,Gutix,1,0,
C104,"Renato Biker",2,0,
C104,CTG,3,0,
C104,Duplode,4,0,
C104,Mingva,5,0,
C104,SuperBrian,6,0,
C104,AbuRaf70,7,0,
C104,"Zak McKracken",8,0,
C104,Pitman,9,0,
C104,PedroAntonio,10,0,
C104,dstien,11,0,
C104,satanziege,12,0,EX3
C105,Gutix,1,0,
C105,Duplode,2,0,
C105,"Bonzai Joe",3,0,
C105,CTG,4,0,
C105,"Renato Biker",5,0,
C105,Mingva,6,0,
C105,SuperBrian,7,0,
C105,"Zak McKracken",8,0,
C105,AbuRaf70,9,0,
C105,PedroAntonio,10,0,
C105,Pitman,11,0,
C105,dstien,12,0,
C105,satanziege,13,0,EX3
C106,Gutix,1,0,
C106,"Renato Biker",2,0,
C106,SuperBrian,3,0,
C106,Duplode,4,0,
C106,AbuRaf70,5,0,
C106,Mingva,6,0,
C106,Pitman,7,0,
C106,dstien,8,0,
C106,satanziege,9,0,
C106,Pavekiller,10,0,
C106,PedroAntonio,11,0,
C106,Usrin,12,0,
C107,Gutix,1,0,
C107,"Renato Biker",2,0,
C107,CTG,3,0,
C107,SuperBrian,4,0,
C107,AbuRaf70,5,0,
C107,Duplode,6,0,
C107,Mingva,7,0,
C107,Pitman,8,0,
C107,"Crazy Jimmy",9,0,
C107,dstien,10,0,
C107,satanziege,11,0,
C107,Lene,12,0,
C107,Fredmen67,13,0,EX3
C108,Gutix,1,0,
C108,"Renato Biker",2,0,
C108,CTG,3,0,
C108,SuperBrian,4,0,
C108,Duplode,5,0,
C108,AbuRaf70,6,0,
C108,"Zak McKracken",7,0,
C108,dstien,8,0,
C108,Pitman,9,0,
C108,"Crazy Jimmy",10,0,
C108,satanziege,11,0,
C109,Gutix,1,0,
C109,CTG,1,0,
C109,"Renato Biker",3,0,
C109,AbuRaf70,4,0,
C109,Duplode,5,0,
C109,"Zak McKracken",6,0,
C109,satanziege,7,0,
C109,Pitman,8,0,
C109,dstien,9,0,
C109,"Crazy Jimmy",10,0,
C109,Fredmen67,11,0,
C110,Gutix,1,0,
C110,AbuRaf70,2,0,
C110,Duplode,3,0,
C110,CTG,4,0,
C110,SuperBrian,5,0,
C110,"Alan Rotoi",6,0,
C110,Mingva,7,0,
C110,JoSi,8,0,
C110,Overdrijf,9,0,
C110,dstien,10,0,
C110,"Zak McKracken",11,0,
C110,Pitman,12,0,
C110,satanziege,13,0,EX3
C110,darkmaster,14,0,INV
C111,Gutix,1,0,
C111,Duplode,2,0,
C111,CTG,3,0,
C111,AbuRaf70,4,0,
C111,"Renato Biker",5,0,
C111,"Bonzai Joe",6,0,
C111,SuperBrian,7,0,
C111,Overdrijf,8,0,
C111,"Zak McKracken",9,0,
C111,dstien,10,0,
C111,satanziege,11,0,
C111,Pitman,12,0,
C112,"Renato Biker",1,0,
C112,Duplode,2,0,
C112,Gutix,3,0,
C112,CTG,4,0,
C112,Xianthi,5,1,
C112,AbuRaf70,6,0,
C112,Overdrijf,7,0,
C112,dstien,8,0,
C112,"Zak McKracken",9,0,
C112,Pitman,10,0,
C112,Faundu,11,0,
C112,satanziege,12,0,
C113,"Renato Biker",1,0,
C113,Duplode,2,0,
C113,Gutix,3,0,
C113,SuperBrian,4,0,
C113,"Bonzai Joe",5,0,
C113,CTG,6,0,
C113,AbuRaf70,7,0,
C113,Xianthi,8,1,
C113,"Alan Rotoi",9,0,
C113,dstien,10,0,
C113,Pitman,11,0,
C113,Overdrijf,12,0,
C113,satanziege,13,0,
C114,"Renato Biker",1,0,
C114,"Bonzai Joe",2,0,
C114,SuperBrian,3,0,
C114,Mingva,4,0,
C114,Duplode,5,0,
C114,CTG,6,0,
C114,"Zak McKracken",7,0,
C114,AbuRaf70,8,0,
C114,Overdrijf,9,0,
C114,"Das Fass",10,1,
C114,"Alan Rotoi",11,0,
C114,dstien,12,0,
C114,Thodran,13,0,
C114,Pitman,14,0,
C114,satanziege,15,0,
C115,Duplode,1,0,
C115,Gutix,2,0,
C115,"Renato Biker",3,0,
C115,SuperBrian,4,0,
C115,Mingva,5,0,
C115,AbuRaf70,6,0,
C115,"Zak McKracken",7,0,
C115,"Krys TOFF",8,0,
C115,dstien,9,0,
C115,Pitman,10,0,
C115,satanziege,11,0,
C115,Faundu,12,0,
C116,CTG,1,0,
C116,Duplode,2,0,
C116,"Renato Biker",3,0,
C116,SuperBrian,4,0,
C116,"oh yeah",5,1,
C116,AbuRaf70,6,0,
C116,"Alan Rotoi",7,0,
C116,dstien,8,0,
C116,Mingva,9,0,
C116,satanziege,10,0,
C116,Pitman,11,0,EX3
C117,Duplode,1,0,
C117,Overdrijf,2,0,
C117,AbuRaf70,3,0,
C117,"Zak McKracken",4,0,
C117,dstien,5,0,
C117,Varalica,6,1,
C117,"Alan Rotoi",7,0,
C117,"Crazy Jimmy",8,0,
C117,Pitman,9,0,
C117,satanziege,10,0,EX3
C118,"Alan Rotoi",1,0,
C118,Gutix,2,0,
C118,AbuRaf70,3,0,
C118,Duplode,4,0,
C118,"Zak McKracken",5,0,
C118,dstien,6,0,
C118,twyll,7,1,
C118,Overdrijf,8,0,
C118,"Crazy Jimmy",9,0,
C118,satanziege,10,0,
C119,Gutix,1,0,
C119,Chulk,2,0,
C119,AbuRaf70,3,0,
C119,Duplode,4,0,
C119,"Alan Rotoi",5,0,
C119,"Zak McKracken",6,0,
C119,dstien,7,0,
C119,satanziege,8,0,
C119,Sanity,9,0,EX3
C119,Fredmen67,10,0,EX3
C120,Duplode,1,0,
C120,Gutix,2,0,
C120,dstien,3,0,
C120,AbuRaf70,4,0,
C120,satanziege,5,0,
C120,Pitman,6,0,
C120,Shorty,7,0,EX3
C120,Sanity,8,0,INV
C121,Duplode,1,0,
C121,Gutix,2,0,
C121,AbuRaf70,3,0,
C121,dstien,4,0,
C121,Mingva,5,0,
C121,Pitman,6,0,
C121,Shorty,7,0,
C121,"Zak McKracken",8,0,
C121,satanziege,9,0,
C122,"Bonzai Joe",1,0,
C122,Duplode,2,0,
C122,CTG,3,0,
C122,Mingva,4,0,
C122,Shorty,5,0,
C122,"Zak McKracken",6,0,
C122,AbuRaf70,7,0,
C122,Faundu,8,0,
C122,dstien,9,0,
C122,Gutix,10,0,
C122,Pitman,11,0,
C122,grisznik,12,0,
C122,satanziege,13,0,
C123,Gutix,1,0,
C123,Duplode,2,0,
C123,"Bonzai Joe",3,0,
C123,SuperBrian,4,0,
C123,AbuRaf70,5,0,
C123,Shorty,6,0,
C123,Pitman,7,0,
C123,oscar,8,0,
C123,dstien,9,0,
C123,satanziege,10,0,
C123,grisznik,11,0,EX3
C124,Duplode,1,0,
C124,CTG,2,0,
C124,SuperBrian,3,0,
C124,Gutix,4,0,
C124,AbuRaf70,5,0,
C124,"Zak McKracken",6,0,
C124,"Bonzai Joe",7,0,
C124,Mingva,8,0,
C124,Shorty,9,0,
C124,dstien,10,0,
C124,Pitman,11,0,
C124,Thodran,12,0,
C124,satanziege,13,0,
C125,Gutix,1,0,
C125,Duplode,2,0,
C125,AbuRaf70,3,0,
C125,Mingva,4,0,
C125,CTG,5,0,
C125,dstien,6,0,
C125,SuperBrian,7,0,
C125,Chulk,8,0,
C125,Pitman,9,0,
C125,"Zak McKracken",10,0,
C125,Gagarin,11,1,
C125,Shorty,12,0,
C125,satanziege,13,0,
C125,"N. Oliveira",14,0,EX3
C126,Duplode,1,0,
C126,CTG,2,0,
C126,Gutix,3,0,
C126,Friker,4,0,
C126,"Zak McKracken",5,0,
C126,SuperBrian,6,0,
C126,Chulk,7,0,
C126,Gagarin,8,1,
C126,AbuRaf70,9,0,
C126,Pitman,10,0,
C126,Usrin,11,0,
C126,satanziege,12,0,
C126,dstien,13,0,
C126,Fredmen67,14,0,
C126,"N. Oliveira",15,0,
C127,Duplode,1,0,
C127,"Bonzai Joe",2,0,
C127,CTG,3,0,
C127,Friker,4,0,
C127,Gutix,5,0,
C127,Gagarin,6,1,
C127,"Zak McKracken",7,0,
C127,SuperBrian,8,0,
C127,Usrin,9,0,
C127,"Alan Rotoi",10,0,
C127,dstien,11,0,
C127,Pitman,12,0,
C127,Shorty,13,0,EX3
C128,Duplode,1,0,
C128,"Bonzai Joe",2,0,
C128,Friker,3,0,
C128,Gutix,4,0,
C128,CTG,5,0,
C128,Gagarin,6,1,
C128,SuperBrian,7,0,
C128,AbuRaf70,8,0,
C128,"Zak McKracken",9,0,
C128,dstien,10,0,
C128,Pitman,11,0,EX3
C128,Usrin,12,0,EX3
C128,Shorty,13,0,EX3
C129,Gutix,1,0,
C129,Friker,2,0,
C129,AbuRaf70,3,0,
C129,CTG,4,0,
C129,Duplode,5,0,
C129,"Zak McKracken",6,0,
C129,Usrin,7,0,
C129,"Alan Rotoi",8,0,
C129,Overdrijf,9,0,
C129,Pitman,10,0,
C129,dstien,11,0,
C129,satanziege,12,0,
C130,Gutix,1,0,
C130,AbuRaf70,2,0,
C130,Duplode,3,0,
C130,Overdrijf,4,0,
C130,Friker,5,0,
C130,"Zak McKracken",6,0,
C130,Usrin,7,0,
C130,"Alan Rotoi",8,0,
C130,dstien,9,0,
C131,"Renato Biker",1,0,
C131,Gutix,2,0,
C131,Duplode,2,0,
C131,CTG,4,0,
C131,Usrin,5,0,
C131,AbuRaf70,6,0,
C131,"Zak McKracken",7,0,
C131,Overdrijf,8,0,
C131,Friker,9,0,
C131,dstien,10,0,
C131,Ivan,11,0,
C131,satanziege,12,0,
C131,Alecu,13,0,EX3
C132,"Renato Biker",1,0,
C132,"Alan Rotoi",2,0,
C132,CTG,3,0,
C132,Duplode,4,0,
C132,Chulk,5,0,
C132,"Zak McKracken",6,0,
C132,Usrin,7,0,
C132,AbuRaf70,8,0,
C132,Friker,9,0,
C132,dstien,10,0,
C132,satanziege,11,0,
C133,"Renato Biker",1,0,
C133,Friker,2,0,
C133,CTG,3,0,
C133,"Akoss Poo",4,0,
C133,Gutix,5,0,
C133,Usrin,6,0,
C133,Duplode,7,0,
C133,"Zak McKracken",8,0,
C133,SuperBrian,9,0,
C133,AbuRaf70,10,0,
C133,"Alan Rotoi",11,0,
C133,dstien,12,0,
C134,"Renato Biker",1,0,
C134,"Bonzai Joe",2,0,
C134,Duplode,3,0,
C134,CTG,4,0,
C134,Gutix,5,0,
C134,Friker,6,0,
C134,"Akoss Poo",7,0,
C134,AbuRaf70,8,0,
C134,"Zak McKracken",9,0,
C134,"Alan Rotoi",10,0,
C134,Usrin,11,0,
C134,dstien,12,0,
C135,Duplode,1,0,
C135,"Renato Biker",2,0,
C135,AbuRaf70,3,0,
C135,"Alan Rotoi",4,0,
C135,CTG,5,0,
C135,Gutix,6,0,
C135,SuperBrian,7,0,
C135,"Zak McKracken",8,0,
C135,"Bonzai Joe",9,0,
C135,dreadnaut,10,0,
C135,Friker,11,0,
C135,Usrin,12,0,
C135,dstien,13,0,
C136,SuperBrian,1,0,
C136,Duplode,1,0,
C136,CTG,3,0,
C136,Friker,4,0,
C136,"Renato Biker",5,0,
C136,Usrin,6,0,
C136,dreadnaut,7,0,
C136,dstien,8,0,
C136,"Krys TOFF",9,0,
C137,Friker,1,0,
C137,CTG,2,0,
C137,Duplode,3,0,
C137,SuperBrian,4,0,
C137,AbuRaf70,5,0,
C137,"Zak McKracken",6,0,
C137,dreadnaut,7,0,
C137,"Renato Biker",8,0,
C137,dstien,9,0,
C137,Pavekiller,10,0,
C137,Usrin,11,0,
C138,CTG,1,0,
C138,Chulk,2,0,
C138,AbuRaf70,3,0,
C138,"Alan Rotoi",4,0,
C138,"Renato Biker",5,0,
C138,"Akoss Poo",6,0,
C138,Usrin,7,0,
C138,Duplode,8,0,
C138,dreadnaut,9,0,
C138,SuperBrian,10,0,
C138,Friker,11,0,
C138,"Zak McKracken",12,0,
C138,dstien,13,0,
C138,ADPunk,14,0,
C138,satanziege,15,0,
C138,Fredmen67,16,0,
C138,Goyo,17,0,
C139,"Renato Biker",1,0,
C139,Friker,2,0,
C139,Duplode,3,0,
C139,CTG,4,0,
C139,"Akoss Poo",5,0,
C139,dreadnaut,6,0,
C139,Chulk,7,0,
C139,AbuRaf70,8,0,
C139,"Alan Rotoi",9,0,
C139,"Zak McKracken",10,0,
C139,ADPunk,11,0,
C139,dstien,12,0,
C139,SuperBrian,13,0,
C139,satanziege,14,0,
C140,"Renato Biker",1,0,
C140,CTG,2,0,
C140,Chulk,3,0,
C140,"Alan Rotoi",4,0,
C140,Duplode,5,0,
C140,Friker,6,0,
C140,"Zak McKracken",7,0,
C140,"Akoss Poo",8,0,
C140,AbuRaf70,9,0,
C140,ADPunk,10,0,
C140,dreadnaut,11,0,
C140,dstien,12,0,
C140,JoSi,13,0,EX3
C141,"Renato Biker",1,0,
C141,CTG,2,0,
C141,Chulk,3,0,
C141,AbuRaf70,4,0,
C141,Duplode,5,0,
C141,"Alan Rotoi",6,0,
C141,Miro,7,1,
C141,ADPunk,8,0,
C141,Friker,9,0,
C141,"Zak McKracken",10,0,
C141,dreadnaut,11,0,
C141,"Mr. P.C.",12,0,
C141,JoSi,13,0,
C141,dstien,14,0,
C142,CTG,1,0,
C142,"Renato Biker",2,0,
C142,Friker,3,0,
C142,dreadnaut,4,0,
C142,Duplode,5,0,
C142,Miro,6,1,
C142,ADPunk,7,0,
C142,"Zak McKracken",8,0,
C142,AbuRaf70,9,0,
C142,"Alan Rotoi",10,0,
C142,dstien,11,0,
C142,"Mr. P.C.",12,0,
C143,"Renato Biker",1,0,
C143,CTG,2,0,
C143,Duplode,3,0,
C143,Usrin,4,0,
C143,Friker,5,0,
C143,AbuRaf70,6,0,
C143,dreadnaut,7,0,
C143,"Alan Rotoi",8,0,
C143,ADPunk,9,0,
C143,dstien,10,0,
C144,Duplode,1,0,
C144,"Renato Biker",2,0,
C144,CTG,3,0,
C144,"Akoss Poo",4,0,
C144,DieselJoe,5,0,
C144,Miro,6,1,
C144,dreadnaut,7,0,
C144,AbuRaf70,8,0,
C144,Usrin,9,0,
C144,"Zak McKracken",10,0,
C144,"Alan Rotoi",11,0,
C144,dstien,12,0,
C145,CTG,1,0,
C145,"Renato Biker",2,0,
C145,"Akoss Poo",3,0,
C145,Duplode,4,0,
C145,SuperBrian,5,0,
C145,Chulk,6,0,
C145,AbuRaf70,7,0,
C145,Usrin,8,0,
C145,"Alan Rotoi",9,0,
C145,dreadnaut,10,0,
C145,"Zak McKracken",11,0,
C145,ADPunk,12,0,
C145,dstien,13,0,
C145,Friker,14,0,
C146,CTG,1,0,
C146,"Renato Biker",2,0,
C146,"Akoss Poo",3,0,
C146,Duplode,4,0,
C146,"Alan Rotoi",5,0,
C146,SuperBrian,6,0,
C146,dreadnaut,7,0,
C146,"Zak McKracken",8,0,
C146,AbuRaf70,9,0,
C146,Friker,10,0,
C146,dstien,11,0,
C147,CTG,1,0,
C147,"Renato Biker",2,0,
C147,"Akoss Poo",3,0,
C147,Duplode,4,0,
C147,Chulk,5,0,
C147,"Alan Rotoi",6,0,
C147,AbuRaf70,7,0,
C147,dreadnaut,8,0,
C147,"Zak McKracken",9,0,
C147,dstien,10,0,EX3
C148,"Renato Biker",1,0,
C148,"Akoss Poo",2,0,
C148,Duplode,3,0,
C148,CTG,4,0,
C148,dreadnaut,5,0,
C148,AbuRaf70,6,0,
C148,"Zak McKracken",7,0,
C148,"Alan Rotoi",8,0,
C148,dstien,9,0,
C148,satanziege,10,0,EX3
C149,"Renato Biker",1,0,
C149,CTG,2,0,
C149,"Akoss Poo",3,0,
C149,Duplode,4,0,
C149,"Zak McKracken",5,0,
C149,SuperBrian,6,0,
C149,"Alan Rotoi",7,0,
C149,AbuRaf70,8,0,
C149,dreadnaut,9,0,
C149,Kalifa,10,0,
C149,dstien,11,0,
C150,CTG,1,0,MSC
C150,"Renato Biker",2,0,
C150,"Alan Rotoi",3,0,
C150,"Akoss Poo",4,0,
C150,SuperBrian,5,0,
C150,Chulk,6,0,
C150,AbuRaf70,7,0,
C150,Duplode,8,0,
C150,Usrin,9,0,
C150,"Zak McKracken",10,0,
C150,dreadnaut,11,0,
C150,dstien,12,0,
C150,ColonelJ,13,0,
C150,Böbszlee,14,0,
C150,"Rokker Zsolti",15,1,
C150,"Boller Jani",16,1,
C151,"Renato Biker",1,0,
C151,Duplode,2,0,
C151,CTG,3,0,MSC
C151,"Akoss Poo",4,0,
C151,dreadnaut,5,0,
C151,SuperBrian,6,0,
C151,"Alan Rotoi",7,0,
C151,AbuRaf70,8,0,
C151,"Zak McKracken",9,0,
C151,Usrin,10,0,
C151,"Rokker Zsolti",11,1,
C151,"Boller Jani",12,1,
C151,dstien,13,0,
C151,afullo,14,0,
C151,sd4000,15,0,
C152,Duplode,1,0,
C152,"Renato Biker",2,0,
C152,CTG,3,0,MSC
C152,"Akoss Poo",4,0,
C152,"Bonzai Joe",5,0,
C152,"Zak McKracken",6,0,
C152,SuperBrian,7,0,
C152,Mingva,8,0,
C152,AbuRaf70,9,0,
C152,"Rokker Zsolti",10,1,
C152,"Alan Rotoi",11,0,
C152,dreadnaut,12,0,
C152,"Boller Jani",13,1,
C152,Usrin,14,0,
C152,dstien,15,0,
C152,afullo,16,0,
C152,satanziege,17,0,
C153,"Renato Biker",1,0,
C153,Duplode,2,0,
C153,"Alan Rotoi",3,0,
C153,CTG,4,0,MSC
C153,"Akoss Poo",5,0,
C153,Chulk,6,0,
C153,SuperBrian,7,0,
C153,"Zak McKracken",8,0,
C153,AbuRaf70,9,0,
C153,"Rokker Zsolti",10,1,
C153,Mingva,11,0,
C153,"Boller Jani",12,1,
C153,dreadnaut,13,0,
C153,dstien,14,0,
C153,afullo,15,0,
C153,Alecu,16,0,EX3
C153,"Bonzai Joe",17,0,EX1
C154,CTG,1,0,MSC
C154,"Akoss Poo",2,0,
C154,"Renato Biker",3,0,
C154,Duplode,4,0,
C154,dreadnaut,5,0,
C154,"Rokker Zsolti",6,1,
C154,"Boller Jani",7,1,
C154,SuperBrian,8,0,
C154,Usrin,9,0,
C154,"Zak McKracken",10,0,
C154,AbuRaf70,11,0,
C154,"Alan Rotoi",12,0,
C154,Mingva,13,0,
C154,dstien,14,0,
C154,afullo,15,0,EX3
C155,CTG,1,0,MSC
C155,"Akoss Poo",2,0,
C155,Usrin,3,0,
C155,"Rokker Zsolti",4,1,
C155,"Boller Jani",5,1,
C155,Duplode,6,0,
C155,dreadnaut,7,0,
C155,Mingva,8,0,
C155,"Zak McKracken",9,0,
C155,dstien,10,0,
C155,AbuRaf70,11,0,
C155,afullo,12,0,
C155,"Alan Rotoi",13,0,EX3
C156,CTG,1,0,MSC
C156,Duplode,2,0,
C156,"Akoss Poo",3,0,
C156,"Rokker Zsolti",4,1,
C156,SuperBrian,5,0,
C156,Usrin,6,0,
C156,"Boller Jani",7,1,
C156,AbuRaf70,8,0,
C156,"Zak McKracken",9,0,
C156,Mingva,10,0,
C156,dreadnaut,11,0,
C156,dstien,12,0,
C156,"Alan Rotoi",13,0,EX3
C156,afullo,14,0,EX3
C157,Duplode,1,0,
C157,CTG,2,0,MSC
C157,"Bonzai Joe",3,0,
C157,"Akoss Poo",4,0,
C157,Usrin,5,0,
C157,dreadnaut,6,0,
C157,"Zak McKracken",7,0,
C157,"Rokker Zsolti",8,1,
C157,"Boller Jani",9,1,
C157,AbuRaf70,10,0,
C157,"Alan Rotoi",11,0,
C157,Mingva,12,0,
C157,afullo,13,0,
C157,dstien,14,0,
C157,satanziege,15,0,
C158,Duplode,1,0,
C158,CTG,2,0,MSC
C158,"Akoss Poo",3,0,
C158,"Bonzai Joe",4,0,
C158,"Rokker Zsolti",5,1,
C158,"Boller Jani",6,1,
C158,AbuRaf70,7,0,
C158,dreadnaut,8,0,
C158,"Alan Rotoi",9,0,
C158,SuperBrian,10,0,
C158,"Zak McKracken",11,0,
C158,dstien,12,0,
C158,afullo,13,0,
C158,Böbszlee,14,0,
C158,Usrin,15,0,
C158,gigi,16,1,
C159,"Akoss Poo",1,0,
C159,CTG,2,0,MSC
C159,Duplode,3,0,
C159,SuperBrian,4,0,
C159,"Boller Jani",5,1,
C159,"Rokker Zsolti",6,1,
C159,dreadnaut,7,0,
C159,Usrin,8,0,
C159,AbuRaf70,9,0,
C159,dstien,10,0,
C159,Mingva,11,0,
C159,afullo,12,0,
C159,"Alan Rotoi",13,0,EX3
C160,CTG,1,0,MSC
C160,"Akoss Poo",2,0,
C160,"Rokker Zsolti",3,1,
C160,Duplode,4,0,
C160,"Boller Jani",5,1,
C160,dreadnaut,6,0,
C160,AbuRaf70,7,0,
C160,dstien,8,0,
C160,afullo,9,0,EX3
C160,Usrin,10,0,EX3
C161,"Akoss Poo",1,0,
C161,Duplode,2,0,
C161,SuperBrian,3,0,
C161,dreadnaut,4,0,
C161,"Rokker Zsolti",5,1,
C161,"Boller Jani",6,1,
C161,Mingva,7,0,
C161,AbuRaf70,8,0,
C161,dstien,9,0,
C161,afullo,10,0,
C162,Duplode,1,0,
C162,CTG,2,0,
C162,"Akoss Poo",3,0,
C162,"Alan Rotoi",4,0,
C162,"Zak McKracken",5,0,
C162,Usrin,6,0,
C162,Marco,7,0,
C162,dreadnaut,8,0,
C162,dstien,9,0,
C162,"Shoegazing Leo",10,0,
C162,AbuRaf70,11,0,
C162,kahdra,12,0,
C162,afullo,13,0,
C162,gtament,14,0,
C163,"Akoss Poo",1,0,
C163,Duplode,2,0,
C163,CTG,3,0,
C163,Marco,4,0,
C163,Usrin,5,0,
C163,"Alan Rotoi",6,0,
C163,"Zak McKracken",7,0,
C163,AbuRaf70,8,0,
C163,dreadnaut,9,0,
C163,"Shoegazing Leo",10,0,
C163,dstien,11,0,
C163,afullo,12,0,
C163,"Mr. Stunt",13,0,EX3
C163,Vector,14,1,EX1
C164,"Akoss Poo",1,0,
C164,"Bonzai Joe",2,0,
C164,Duplode,3,0,
C164,Marco,4,0,
C164,"Zak McKracken",5,0,
C164,AbuRaf70,6,0,
C164,Usrin,7,0,
C164,SuperBrian,8,0,
C164,"Shoegazing Leo",9,0,
C164,Cas,10,0,
C164,dreadnaut,11,0,
C164,dstien,12,0,
C164,afullo,13,0,
C164,"Alan Rotoi",14,0,
C164,AMG,15,0,
C164,"Mr. Stunt",16,0,
C165,"Akoss Poo",1,0,
C165,Duplode,2,0,
C165,Marco,3,0,
C165,Usrin,4,0,
C165,"Zak McKracken",5,0,
C165,AbuRaf70,6,0,
C165,dreadnaut,7,0,
C165,dstien,8,0,
C165,"Shoegazing Leo",9,0,
C165,"Alan Rotoi",10,0,
C165,Cas,11,0,
C165,afullo,12,0,
C166,Duplode,1,0,
C166,"Akoss Poo",2,0,
C166,"Alan Rotoi",3,0,
C166,AbuRaf70,4,0,
C166,Usrin,5,0,
C166,Marco,6,0,
C166,Cas,7,0,
C166,dstien,8,0,
C166,"Shoegazing Leo",9,0,
C166,dreadnaut,10,0,
C166,Svenne,11,0,
C166,afullo,12,0,
C167,Duplode,1,0,
C167,"Akoss Poo",2,0,
C167,Marco,3,0,
C167,Shorty,4,0,
C167,AbuRaf70,5,0,
C167,dreadnaut,6,0,
C167,"Shoegazing Leo",7,0,
C167,Usrin,8,0,
C167,dstien,9,0,
C167,Cas,10,0,
C167,Svenne,11,0,
C167,afullo,12,0,
C167,kahdra,13,0,
C168,"Akoss Poo",1,0,
C168,Duplode,1,0,
C168,Marco,3,0,
C168,"Zak McKracken",4,0,
C168,Usrin,5,0,
C168,dreadnaut,6,0,
C168,AbuRaf70,7,0,
C168,dstien,8,0,
C168,"Shoegazing Leo",9,0,
C168,PJ,10,0,
C168,"Alan Rotoi",11,0,
C168,Shorty,12,0,
C168,afullo,13,0,
C168,kahdra,14,0,
C169,"Akoss Poo",1,0,
C169,Marco,2,0,
C169,AbuRaf70,3,0,
C169,Duplode,4,0,
C169,Usrin,5,0,
C169,"Zak McKracken",6,0,
C169,"Shoegazing Leo",7,0,
C169,Shorty,8,0,
C169,dreadnaut,9,0,
C169,dstien,10,0,
C169,PJ,11,0,
C169,Cas,12,0,
C169,afullo,13,0,
C169,Kjotleik,14,0,
C170,Duplode,1,0,
C170,"Akoss Poo",2,0,
C170,Marco,3,0,
C170,"Zak McKracken",4,0,
C170,AbuRaf70,5,0,
C170,dreadnaut,6,0,
C170,Cas,7,0,
C170,dstien,8,0,
C170,Usrin,9,0,
C170,"Shoegazing Leo",10,0,
C170,PJ,11,0,
C170,Kjotleik,12,0,
C170,afullo,13,0,
C170,SimpleM,14,0,
C170,Shorty,15,0,EX3
C171,Duplode,1,0,
C171,"Alan Rotoi",2,0,
C171,AbuRaf70,3,0,
C171,"Akoss Poo",4,0,
C171,Marco,5,0,
C171,dreadnaut,6,0,
C171,"Shoegazing Leo",7,0,
C171,dstien,8,0,
C171,Shorty,9,0,
C171,Kjotleik,10,0,
C171,Cas,11,0,
C171,afullo,12,0,
C172,Duplode,1,0,
C172,"Akoss Poo",2,0,
C172,Usrin,3,0,
C172,Marco,4,0,
C172,dreadnaut,5,0,
C172,AbuRaf70,6,0,
C172,"Alan Rotoi",7,0,
C172,"Zak McKracken",8,0,
C172,"Shoegazing Leo",9,0,
C172,dstien,10,0,
C172,PJ,11,0,
C172,afullo,12,0,
C172,Drathas,13,0,EX1
C173,Duplode,1,0,
C173,Marco,2,0,
C173,"Akoss Poo",3,0,
C173,Usrin,4,0,
C173,AbuRaf70,5,0,
C173,"Alan Rotoi",6,0,
C173,dreadnaut,7,0,
C173,"Zak McKracken",8,0,
C173,dhoine,9,0,
C173,"Shoegazing Leo",10,0,
C173,dstien,11,0,
C173,afullo,12,0,
C173,satanziege,13,0,
C174,"Renato Biker",1,0,
C174,Friker,2,0,
C174,Marco,3,0,
C174,Duplode,4,0,
C174,"Zak McKracken",5,0,
C174,dreadnaut,6,0,
C174,AbuRaf70,7,0,
C174,"Alan Rotoi",8,0,
C174,"Shoegazing Leo",9,0,
C174,dstien,10,0,
C174,dhoine,11,0,
C174,afullo,12,0,
C175,"Renato Biker",1,0,
C175,Friker,2,0,
C175,Duplode,3,0,
C175,Marco,4,0,
C175,dreadnaut,5,0,
C175,"Zak McKracken",6,0,
C175,dosbox92,7,0,
C175,AbuRaf70,8,0,
C175,dstien,9,0,
C175,"Shoegazing Leo",10,0,
C175,Cas,11,0,
C175,afullo,12,0,
C176,"Renato Biker",1,0,
C176,Friker,2,0,
C176,dreadnaut,3,0,
C176,Duplode,4,0,
C176,Marco,5,0,
C176,"Alan Rotoi",6,0,
C176,"Zak McKracken",7,0,
C176,FinRok,8,0,
C176,dosbox92,9,0,
C176,AbuRaf70,10,0,
C176,dstien,11,0,
C176,"Shoegazing Leo",12,0,
C176,afullo,13,0,
C177,"Renato Biker",1,0,
C177,Duplode,2,0,
C177,Friker,3,0,
C177,Marco,4,0,
C177,FinRok,5,0,
C177,"Zak McKracken",6,0,
C177,AbuRaf70,7,0,
C177,dreadnaut,8,0,
C177,"Shoegazing Leo",9,0,
C177,dstien,10,0,
C177,afullo,11,0,
C178,Duplode,1,0,
C178,"Renato Biker",2,0,
C178,Friker,3,0,
C178,AbuRaf70,4,0,
C178,Marco,5,0,
C178,dstien,6,0,
C178,dreadnaut,7,0,
C178,"Shoegazing Leo",8,0,EX3
C178,FinRok,9,0,EX2
C178,afullo,10,0,EX3
C179,"Renato Biker",1,0,
C179,"Bonzai Joe",2,0,
C179,Duplode,3,0,
C179,Marco,4,0,
C179,FinRok,5,0,
C179,"Zak McKracken",6,0,
C179,AbuRaf70,7,0,
C179,dreadnaut,8,0,
C179,"Shoegazing Leo",9,0,
C179,afullo,10,0,
C180,"Renato Biker",1,0,
C180,Duplode,2,0,
C180,Friker,3,0,
C180,Marco,4,0,
C180,dreadnaut,5,0,
C180,FinRok,6,0,
C180,AbuRaf70,7,0,
C180,"Zak McKracken",8,0,
C180,dstien,9,0,
C180,"Shoegazing Leo",10,0,
C180,ninja750,11,0,
C180,Wanted77,12,0,EX2
C180,afullo,13,0,EX3
C181,Duplode,1,0,
C181,"Renato Biker",2,0,
C181,Marco,3,0,
C181,"Akoss Poo",4,0,
C181,AbuRaf70,5,0,
C181,FinRok,6,0,
C181,dreadnaut,7,0,
C181,Cas,8,0,
C181,"Shoegazing Leo",9,0,
C181,afullo,10,0,EX3
C182,Marco,1,0,
C182,Duplode,2,0,
C182,"Renato Biker",3,0,
C182,FinRok,4,0,
C182,"Akoss Poo",5,0,
C182,"Zak McKracken",6,0,
C182,dreadnaut,7,0,
C182,AbuRaf70,8,0,
C182,"Alan Rotoi",9,0,
C182,Cas,10,0,
C182,"Shoegazing Leo",11,0,
C182,afullo,12,0,
C183,Marco,1,0,
C183,FinRok,2,0,
C183,"Renato Biker",3,0,
C183,Duplode,4,0,
C183,dreadnaut,5,0,
C183,Cas,6,0,
C183,NachitoBP,7,0,
C183,AbuRaf70,8,0,
C183,"Zak McKracken",9,0,
C183,"Shoegazing Leo",10,0,
C183,Gilmash,11,0,
C183,OctaLM,12,0,
C183,Lulisa,13,0,
C183,afullo,14,0,EX3
C184,Marco,1,0,
C184,Duplode,2,0,
C184,FinRok,3,0,
C184,CTG,4,0,
C184,AbuRaf70,5,0,
C184,Cas,6,0,
C184,dreadnaut,7,0,
C184,"Shoegazing Leo",8,0,
C184,afullo,9,0,
C184,Alecu,10,0,EX3
C185,Marco,1,0,
C185,FinRok,2,0,
C185,Duplode,3,0,
C185,dreadnaut,4,0,
C185,"Renato Biker",5,0,
C185,"Zak McKracken",6,0,
C185,"Shoegazing Leo",7,0,
C185,Cas,8,0,
C185,AbuRaf70,9,0,
C185,satanziege,10,0,
C185,afullo,11,0,
C186,FinRok,1,0,
C186,Friker,2,0,
C186,Duplode,3,0,
C186,"Alan Rotoi",4,0,
C186,dreadnaut,5,0,
C186,dosbox92,6,0,
C186,"Zak McKracken",7,0,
C186,MOE,8,0,
C186,Cas,9,0,
C186,Imperas,10,0,
C186,"Shoegazing Leo",11,0,
C186,afullo,12,0,
C187,Marco,1,0,
C187,FinRok,2,0,
C187,Friker,3,0,
C187,Duplode,4,0,
C187,"Alan Rotoi",5,0,
C187,dreadnaut,6,0,
C187,Imperas,7,0,
C187,"Zak McKracken",8,0,
C187,"Shoegazing Leo",9,0,
C187,Cas,10,0,
C187,arturbmallman,11,0,
C187,afullo,12,0,
C188,FinRok,1,0,
C188,Duplode,2,0,
C188,Marco,3,0,
C188,dreadnaut,4,0,
C188,"Zak McKracken",5,0,
C188,Imperas,6,0,
C188,"Alan Rotoi",7,0,
C188,Cas,8,0,
C188,arturbmallman,9,0,
C188,"Shoegazing Leo",10,0,
C188,afullo,11,0,
C188,emandrada,12,0,EX1
C189,FinRok,1,0,
C189,Duplode,2,0,
C189,Marco,3,0,
C189,"Bonzai Joe",4,0,
C189,"Alan Rotoi",5,0,
C189,dreadnaut,6,0,
C189,Imperas,7,0,
C189,Cas,8,0,
C189,"Shoegazing Leo",9,0,
C189,arturbmallman,10,0,
C189,Motig,11,0,
C189,afullo,12,0,
C190,Duplode,1,0,
C190,FinRok,2,0,
C190,dreadnaut,3,0,
C190,Imperas,4,0,
C190,arturbmallman,5,0,
C190,KaoS,6,0,EX2
C190,Cas,7,0,
C190,"Shoegazing Leo",8,0,
C190,afullo,9,0,EX3
C190,Motig,10,0,EX3
C191,Duplode,1,0,
C191,FinRok,2,0,
C191,dreadnaut,3,0,
C191,Imperas,4,0,
C191,"Zak McKracken",5,0,
C191,arturbmallman,6,0,
C191,"Shoegazing Leo",7,0,
C191,Cas,8,0,
C191,Marco,9,0,EX2
C191,KaoS,10,0,EX2
C191,afullo,11,0,EX2
C192,Marco,1,0,
C192,FinRok,2,0,
C192,Duplode,3,0,
C192,Imperas,4,0,
C192,arturbmallman,5,0,
C192,dreadnaut,6,0,
C192,Seeker1982,7,0,
C192,Nilex,8,0,
C192,"Shoegazing Leo",9,0,
C192,Motig,10,0,
C192,afullo,11,0,EX1
C193,FinRok,1,0,
C193,Duplode,2,0,
C193,dreadnaut,3,0,
C193,Imperas,4,0,
C193,Seeker1982,5,0,
C193,Marco,6,0,EX2
C193,Cas,7,0,
C193,"Shoegazing Leo",8,0,
C193,dosbox92,9,0,EX2
C193,afullo,10,0,
C194,dreadnaut,1,0,
C194,Duplode,2,0,
C194,FinRok,3,0,
C194,Imperas,4,0,
C194,Marco,5,0,
C194,Cas,6,0,
C194,arturbmallman,7,0,
C194,Seeker1982,8,0,
C194,"Shoegazing Leo",9,0,
C194,dosbox92,10,0,
C194,afullo,11,0,
C195,FinRok,1,0,
C195,dreadnaut,2,0,
C195,Duplode,3,0,
C195,Seeker1982,4,0,
C195,Cas,5,0,
C195,"Shoegazing Leo",6,0,
C195,Motig,7,0,
C195,Motorhead86,8,0,
C195,afullo,9,0,
C196,FinRok,1,0,
C196,Marco,2,0,
C196,Seeker1982,3,0,
C196,Duplode,4,0,
C196,dreadnaut,5,0,
C196,Cas,6,0,
C196,Smrtka,7,0,
C196,"Shoegazing Leo",8,0,
C196,afullo,9,0,
C196,satanziege,10,0,
C197,Duplode,1,0,
C197,FinRok,2,0,
C197,Marco,3,0,
C197,Seeker1982,4,0,
C197,dreadnaut,5,0,
C197,Cas,6,0,
C197,"Shoegazing Leo",7,0,
C197,afullo,8,0,
C197,Smrtka,9,0,
C197,Motig,10,0,
C198,Duplode,1,0,
C198,Imperas,2,0,
C198,dreadnaut,3,0,
C198,Seeker1982,4,0,
C198,afullo,5,0,
C198,Cas,6,0,
C198,"Shoegazing Leo",7,0,
C198,Motig,8,0,
C198,Svenne,9,0,EX3
C199,Duplode,1,0,
C199,Seeker1982,2,0,
C199,dreadnaut,3,0,
C199,afullo,4,0,
C199,Cas,5,0,
C199,"Shoegazing Leo",6,0,
C199,Motig,7,0,
C199,chenlei,8,0,
C199,BernieR,9,0,
C200,CTG,1,0,
C200,Duplode,2,0,
C200,FinRok,3,0,
C200,Seeker1982,4,0,
C200,"Zak McKracken",5,0,
C200,dreadnaut,6,0,
C200,arturbmallman,7,0,
C200,afullo,8,0,
C200,Cas,9,0,
C200,"Shoegazing Leo",10,0,
C200,"Alan Rotoi",11,0,EX3
C200,Motig,12,0,EX3
C201,FinRok,1,0,
C201,Duplode,2,0,
C201,CTG,3,0,
C201,dreadnaut,4,0,
C201,Seeker1982,5,0,
C201,afullo,6,0,
C201,Cas,7,0,
C201,"Alan Rotoi",8,0,
C201,arturbmallman,9,0,
C201,"Shoegazing Leo",10,0,
C201,GTAMan15,11,0,
C201,KaoS,12,0,EX2
C201,Motig,13,0,
C202,"Alan Rotoi",1,0,
C202,FinRok,2,0,
C202,Duplode,3,0,
C202,Seeker1982,4,0,
C202,afullo,5,0,
C202,Cas,6,0,
C202,dreadnaut,7,0,
C202,Swotl,8,0,
C202,arturbmallman,9,0,
C202,"Shoegazing Leo",10,0,
C202,GTAMan15,11,0,
C202,Marco,12,0,EX2
C202,Motig,13,0,
C202,Chacan,14,0,
C203,Duplode,1,0,
C203,Seeker1982,2,0,
C203,"Alan Rotoi",3,0,
C203,dreadnaut,4,0,
C203,arturbmallman,5,0,
C203,afullo,6,0,
C203,Cas,7,0,
C203,Swotl,8,0,
C203,"Shoegazing Leo",9,0,
C203,GTAMan15,10,0,
C203,Motig,11,0,
C204,Duplode,1,0,
C204,Seeker1982,2,0,
C204,dreadnaut,3,0,
C204,"Zak McKracken",4,0,
C204,afullo,5,0,
C204,"Shoegazing Leo",6,0,
C204,Cas,7,0,
C204,GTAMan15,8,0,
C204,"Alan Rotoi",9,0,EX3
C205,CTG,1,0,
C205,Seeker1982,2,0,
C205,dreadnaut,3,0,
C205,Duplode,4,0,
C205,Cas,5,0,
C205,afullo,6,0,
C205,"Shoegazing Leo",7,0,
C205,Motig,8,0,
C206,Duplode,1,0,
C206,CTG,2,0,
C206,dreadnaut,3,0,
C206,Overdrijf,4,0,
C206,Seeker1982,5,0,
C206,afullo,6,0,
C206,Cas,7,0,
C206,arturbmallman,8,0,
C206,"Shoegazing Leo",9,0,
C207,CTG,1,0,
C207,Duplode,2,0,
C207,"Akoss Poo",3,0,
C207,dreadnaut,4,0,
C207,Overdrijf,5,0,
C207,Seeker1982,6,0,
C207,dosbox92,7,0,
C207,afullo,8,0,
C207,Cas,9,0,
C207,KaoS,10,0,EX3
C207,"Shoegazing Leo",11,0,
C208,CTG,1,0,
C208,Duplode,2,0,
C208,dreadnaut,3,0,
C208,"Alan Rotoi",4,0,
C208,Seeker1982,5,0,
C208,Overdrijf,6,0,
C208,afullo,7,0,
C208,"Shoegazing Leo",8,0,
C208,Cas,9,0,
C208,Motig,10,0,
C208,GTAMan15,11,0,
C209,FinRok,1,0,
C209,CTG,2,0,
C209,Duplode,3,0,
C209,dreadnaut,4,0,
C209,Seeker1982,5,0,
C209,"Akoss Poo",6,0,
C209,"Alan Rotoi",7,0,
C209,Overdrijf,8,0,
C209,Cas,9,0,
C209,afullo,9,0,
C209,Heretic,11,0,
C209,"Shoegazing Leo",12,0,
C209,KaoS,13,0,EX2
C209,Motig,14,0,
C209,GTAMan15,15,0,
C209,"Stan 286XT",16,0,EX3
C210,dreadnaut,1,0,
C210,Marco,2,0,
C210,CTG,3,0,
C210,Overdrijf,4,0,
C210,"Alan Rotoi",5,0,
C210,Duplode,6,0,
C210,Seeker1982,7,0,
C210,Heretic,8,0,
C210,afullo,9,0,
C210,Cas,10,0,
C210,"Shoegazing Leo",11,0,
C210,Smrtka,12,0,
C210,Motig,13,0,
C210,"Stan 286XT",14,0,EX3
C211,Marco,1,0,
C211,Seeker1982,2,0,
C211,Duplode,3,0,
C211,dreadnaut,4,0,
C211,Overdrijf,5,0,
C211,Heretic,6,0,
C211,afullo,7,0,
C211,sd4000,8,0,
C211,Cas,9,0,
C211,Usrin,10,0,
C211,arturbmallman,11,0,
C211,"Shoegazing Leo",12,0,
C211,fx_undertaker,13,0,
C211,Motig,14,0,
C211,"Stan 286XT",15,0,EX3
C212,FinRok,1,0,
C212,Marco,2,0,
C212,CTG,3,0,
C212,Duplode,4,0,
C212,Seeker1982,5,0,
C212,Overdrijf,6,0,
C212,dreadnaut,7,0,
C212,afullo,8,0,
C212,Heretic,9,0,
C212,Cas,10,0,
C212,sd4000,11,0,
C212,"Shoegazing Leo",12,0,
C212,"Stan 286XT",13,0,EX3
C213,FinRok,1,0,
C213,Marco,2,0,
C213,Duplode,3,0,
C213,Overdrijf,4,0,
C213,dreadnaut,5,0,
C213,Seeker1982,6,0,
C213,CTG,7,0,
C213,afullo,8,0,
C213,Cas,9,0,
C213,sd4000,10,0,
C213,"Shoegazing Leo",11,0,
C213,Heretic,12,0,
C213,"Stan 286XT",13,0,EX3
C214,FinRok,1,0,
C214,Overdrijf,2,0,
C214,Marco,3,0,
C214,Duplode,4,0,
C214,Gutix,5,0,
C214,dreadnaut,6,0,
C214,Seeker1982,7,0,
C214,Heretic,8,0,
C214,Cas,9,0,
C214,afullo,10,0,
C214,KaoS,11,0,
C214,"Shoegazing Leo",12,0,
C214,GTAMan15,13,0,
C214,"Stan 286XT",14,0,EX2
C214,sd4000,15,0,
C215,Overdrijf,1,0,
C215,Seeker1982,2,0,
C215,Marco,3,0,
C215,dreadnaut,4,0,
C215,Duplode,5,0,
C215,"Alan Rotoi",6,0,
C215,afullo,7,0,
C215,"Shoegazing Leo",8,0,
C215,GTAMan15,9,0,
C215,Cas,10,0,
C215,sd4000,11,0,
C215,Heretic,12,0,
C215,"Stan 286XT",13,0,EX2
C216,Marco,1,0,
C216,Duplode,2,0,
C216,Seeker1982,3,0,
C216,Overdrijf,4,0,
C216,afullo,5,0,
C216,dreadnaut,6,0,
C216,Cas,7,0,
C216,GTAMan15,8,0,
C216,Heretic,9,0,
C216,"Shoegazing Leo",10,0,
C216,sd4000,11,0,
C216,Motig,12,0,
C216,"Stan 286XT",13,0,EX3
C217,Duplode,1,0,
C217,Marco,2,0,
C217,Overdrijf,3,0,
C217,Seeker1982,4,0,
C217,dreadnaut,5,0,
C217,dosbox92,6,0,
C217,Cas,7,0,
C217,afullo,8,0,
C217,Heretic,9,0,
C217,sd4000,10,0,
C217,"Shoegazing Leo",11,0,
C217,satanziege,12,0,
C217,"Stan 286XT",13,0,EX3
C218,Marco,1,0,
C218,dreadnaut,2,0,
C218,"Alan Rotoi",3,0,
C218,Duplode,4,0,
C218,Seeker1982,5,0,
C218,Overdrijf,6,0,
C218,dosbox92,7,0,
C218,afullo,8,0,
C218,Heretic,9,0,
C218,Cas,10,0,
C218,sd4000,11,0,
C218,"Shoegazing Leo",12,0,
C218,"Stan 286XT",13,0,EX3
C218,Motig,14,0,
C219,"Alan Rotoi",1,0,
C219,Duplode,2,0,
C219,Seeker1982,3,0,
C219,Overdrijf,4,0,
C219,Marco,5,0,
C219,dreadnaut,6,0,
C219,Cas,7,0,
C219,Stingray86,8,0,
C219,afullo,8,0,
C219,Heretic,10,0,
C219,sd4000,11,0,
C219,"Shoegazing Leo",12,0,
C219,"Stan 286XT",13,0,EX3
C220,CTG,1,0,
C220,Seeker1982,2,0,
C220,Overdrijf,3,0,
C220,dreadnaut,4,0,
C220,Duplode,5,0,
C220,Stingray86,6,0,
C220,Cas,7,0,
C220,afullo,8,0,
C220,Heretic,9,0,
C220,sd4000,10,0,
C220,"Shoegazing Leo",11,0,
C220,"Alan Rotoi",12,0,EX3
C220,"Stan 286XT",13,0,EX3
C221,FinRok,1,0,
C221,Overdrijf,2,0,
C221,CTG,3,0,
C221,Duplode,4,0,
C221,Seeker1982,5,0,
C221,Stingray86,6,0,
C221,dreadnaut,7,0,
C221,Heretic,8,0,
C221,afullo,9,0,
C221,sd4000,10,0,
C221,"Shoegazing Leo",11,0,
C221,Marco,12,0,EX2
C221,Cas,13,0,
C221,GTAMan15,14,0,EX3
C221,"Stan 286XT",15,0,EX2
C222,Duplode,1,0,
C222,Seeker1982,2,0,
C222,dreadnaut,3,0,
C222,Overdrijf,3,0,
C222,Stingray86,5,0,
C222,Heretic,6,0,
C222,afullo,7,0,
C222,KaoS,8,0,EX2
C222,"Shoegazing Leo",9,0,
C222,sd4000,10,0,
C222,Cas,11,0,
C222,satanziege,12,0,
C222,"Stan 286XT",13,0,EX3
C223,Duplode,1,0,
C223,Seeker1982,2,0,
C223,CTG,3,0,
C223,Stingray86,4,0,
C223,Overdrijf,5,0,
C223,Marco,6,0,EX2
C223,dreadnaut,7,0,
C223,afullo,8,0,
C223,KaoS,9,0,EX2
C223,Cas,10,0,
C223,sd4000,11,0,
C223,"Shoegazing Leo",12,0,
C223,HL96T,13,0,
C223,"Stan 286XT",14,0,EX2
C224,Duplode,1,0,
C224,"Alan Rotoi",2,0,
C224,CTG,3,0,
C224,dreadnaut,4,0,
C224,Stingray86,5,0,
C224,Overdrijf,6,0,
C224,Heretic,7,0,
C224,Seeker1982,8,0,
C224,afullo,9,0,
C224,Cas,10,0,
C224,KaoS,11,0,EX2
C224,sd4000,12,0,
C224,HL96T,13,0,
C224,"Shoegazing Leo",14,0,
C224,"Stan 286XT",15,0,
C225,Seeker1982,1,0,
C225,Overdrijf,2,0,
C225,Duplode,3,0,
C225,CTG,4,0,
C225,Stingray86,5,0,
C225,dreadnaut,6,0,
C225,Heretic,7,0,
C225,afullo,8,0,
C225,Cas,9,0,
C225,sd4000,10,0,
C225,"Shoegazing Leo",11,0,
C225,KaoS,12,0,EX2
C225,"Stan 286XT",13,0,EX2
C226,Duplode,1,0,
C226,Seeker1982,2,0,
C226,Overdrijf,3,0,
C226,CTG,4,0,
C226,dreadnaut,5,0,
C226,Stingray86,6,0,
C226,Marco,7,0,EX2
C226,KaoS,8,0,EX2
C226,afullo,9,0,
C226,Heretic,10,0,
C226,"Alan Rotoi",11,0,
C226,Cas,12,0,EX3
C226,"Shoegazing Leo",13,0,
C226,"Stan 286XT",14,0,EX2
C226,Chacan,15,0,EX3
C227,CTG,1,0,
C227,Seeker1982,2,0,
C227,Duplode,3,0,
C227,dreadnaut,4,0,
C227,Overdrijf,5,0,
C227,Stingray86,6,0,
C227,Heretic,7,0,
C227,afullo,8,0,
C227,Cas,9,0,
C227,JoSi,10,0,
C227,"Shoegazing Leo",11,0,
C227,"Stan 286XT",12,0,
C228,Duplode,1,0,
C228,Seeker1982,2,0,
C228,dreadnaut,3,0,
C228,"Alan Rotoi",4,0,
C228,Stingray86,5,0,
C228,Overdrijf,6,0,
C228,Heretic,7,0,
C228,afullo,8,0,
C228,"Shoegazing Leo",9,0,
C228,Cas,10,0,EX3
C228,"Stan 286XT",11,0,EX3
C229,FinRok,1,0,
C229,Duplode,2,0,
C229,Marco,3,0,
C229,CTG,4,0,
C229,Seeker1982,5,0,
C229,"Alan Rotoi",6,0,
C229,Stingray86,7,0,
C229,Heretic,8,0,
C229,Overdrijf,9,0,
C229,dreadnaut,10,0,
C229,afullo,11,0,
C229,KyLiE,12,0,
C229,KaoS,13,0,EX2
C229,Straycat,14,0,
C229,Cas,15,0,
C229,"Shoegazing Leo",16,0,
C229,"Zak McKracken",17,0,EX2
C229,GTAMan15,18,0,
C229,"Stan 286XT",19,0,
C230,Duplode,1,0,
C230,CTG,2,0,
C230,Seeker1982,3,0,
C230,KyLiE,4,0,
C230,Heretic,5,0,
C230,dreadnaut,6,0,
C230,Stingray86,7,0,
C230,Overdrijf,8,0,
C230,"Alan Rotoi",9,0,
C230,afullo,10,0,
C230,"Zak McKracken",11,0,EX2
C230,"Shoegazing Leo",12,0,
C230,Cas,13,0,
C230,Straycat,14,0,
C230,"Stan 286XT",15,0,EX3
C231,CTG,1,0,
C231,"Alan Rotoi",2,0,
C231,Overdrijf,3,0,
C231,Seeker1982,4,0,
C231,dreadnaut,5,0,
C231,Duplode,6,0,
C231,Stingray86,7,0,
C231,Heretic,8,0,
C231,KyLiE,9,0,
C231,afullo,10,0,
C231,Straycat,11,0,
C231,Cas,12,0,
C231,KaoS,13,0,EX2
C231,"Shoegazing Leo",14,0,
C231,"Stan 286XT",15,0,EX2
C232,CTG,1,0,
C232,Duplode,2,0,
C232,dreadnaut,3,0,
C232,Overdrijf,4,0,
C232,Seeker1982,5,0,
C232,afullo,6,0,
C232,Heretic,7,0,
C232,KyLiE,8,0,
C232,Stingray86,9,0,
C232,KaoS,10,0,EX2
C232,Straycat,11,0,
C232,"Shoegazing Leo",12,0,
C232,Cas,13,0,
C232,GTAMan15,14,0,
C232,"Stan 286XT",15,0,EX3
C233,Duplode,1,0,
C233,CTG,2,0,
C233,Seeker1982,3,0,
C233,Overdrijf,4,0,
C233,dreadnaut,5,0,
C233,Stingray86,6,0,
C233,KyLiE,7,0,
C233,Heretic,8,0,
C233,afullo,9,0,
C233,Straycat,10,0,
C233,Cas,11,0,
C233,"Zak McKracken",12,0,
C233,"Shoegazing Leo",13,0,
C233,"Stan 286XT",14,0,EX3
C234,Duplode,1,0,
C234,"Alan Rotoi",2,0,
C234,CTG,3,0,
C234,"Akoss Poo",4,0,
C234,Marco,5,0,
C234,Overdrijf,6,0,
C234,"Zak McKracken",7,0,
C234,dreadnaut,8,0,
C234,KyLiE,9,0,
C234,Friker,10,0,
C234,Heretic,11,0,
C234,afullo,12,0,
C234,Zapper,13,0,
C234,Cas,14,0,
C234,Usrin,15,0,
C234,"Shoegazing Leo",16,0,
C234,Igor,17,0,
C234,matamo,18,0,
C234,Daniel3D,19,0,
C234,KaoS,20,0,EX2
C234,Straycat,21,0,EX3
C234,"Stan 286XT",22,0,EX2
C235,CTG,1,0,
C235,Duplode,2,0,
C235,"Alan Rotoi",3,0,
C235,KyLiE,4,0,
C235,Overdrijf,5,0,
C235,Marco,6,0,
C235,dreadnaut,7,0,
C235,GTAMan15,8,0,
C235,Zapper,9,0,
C235,afullo,10,0,
C235,Heretic,11,0,
C235,"Zak McKracken",12,0,EX2
C235,"Cool Gaddafi",13,0,
C235,"Shoegazing Leo",14,0,
C235,Cas,15,0,
C235,KaoS,16,0,EX2
C235,Straycat,17,0,
C235,matamo,18,0,
C235,Daniel3D,19,0,
C235,Igor,20,0,
C235,ZdnBurns,21,0,
C235,"Stan 286XT",22,0,EX2
C236,CTG,1,0,
C236,"Akoss Poo",2,0,
C236,Duplode,3,0,
C236,Overdrijf,4,0,
C236,"Alan Rotoi",5,0,
C236,KyLiE,6,0,
C236,dreadnaut,7,0,
C236,Zapper,8,0,
C236,Heretic,9,0,
C236,GTAMan15,10,0,
C236,dosbox92,11,0,
C236,afullo,12,0,
C236,Cas,13,0,
C236,"Shoegazing Leo",14,0,
C236,Seeker1982,15,0,EX2
C236,Marco,16,0,EX2
C236,KaoS,17,0,EX2
C236,Igor,18,0,
C236,Straycat,19,0,EX3
C236,"Johnny Alaska",20,0,
C236,"Stan 286XT",21,0,EX3
C237,Duplode,1,0,
C237,"Akoss Poo",2,0,
C237,Seeker1982,3,0,
C237,CTG,4,0,
C237,"Alan Rotoi",5,0,
C237,KyLiE,6,0,
C237,dreadnaut,7,0,
C237,Zapper,8,0,
C237,Ryoma,9,0,
C237,Heretic,10,0,
C237,GTAMan15,11,0,
C237,afullo,12,0,
C237,Overdrijf,13,0,
C237,Cas,14,0,
C237,"Shoegazing Leo",15,0,
C237,Igor,16,0,
C237,matamo,17,0,
C237,KaoS,18,0,EX2
C237,Marco,19,0,EX2
C237,"Stan 286XT",20,0,
C238,"Alan Rotoi",1,0,
C238,Duplode,2,0,
C238,"Akoss Poo",3,0,
C238,Friker,4,0,
C238,KyLiE,5,0,
C238,Ryoma,6,0,
C238,dreadnaut,7,0,
C238,Overdrijf,8,0,
C238,Zapper,9,0,
C238,afullo,10,0,
C238,Heretic,11,0,
C238,Igor,12,0,
C238,GTAMan15,13,0,
C238,Cas,14,0,
C238,matamo,15,0,
C238,"Stan 286XT",16,0,
C238,"Shoegazing Leo",17,0,
C238,KaoS,18,0,EX2
C238,AMG,19,0,
C238,satanziege,20,0,
C238,Straycat,21,0,EX3
C239,"Alan Rotoi",1,0,
C239,Duplode,2,0,
C239,KyLiE,3,0,
C239,Overdrijf,4,0,
C239,Friker,5,0,
C239,Zapper,6,0,
C239,dreadnaut,7,0,
C239,Ryoma,8,0,
C239,Heretic,9,0,
C239,afullo,10,0,
C239,Cas,11,0,
C239,1337haxoryt,12,0,
C239,"Shoegazing Leo",13,0,
C239,KaoS,14,0,EX2
C239,Igor,15,0,
C239,"Stan 286XT",16,0,EX3
C240,"Alan Rotoi",1,0,
C240,Zapper,2,0,
C240,Duplode,3,0,
C240,Overdrijf,4,0,
C240,Friker,5,0,
C240,KyLiE,6,0,
C240,Heretic,7,0,
C240,afullo,8,0,
C240,dreadnaut,9,0,
C240,Ryoma,10,0,
C240,"Shoegazing Leo",11,0,
C240,Cas,12,0,
C240,1337haxoryt,13,0,
C240,KaoS,14,0,EX2
C240,"Stan 286XT",15,0,EX3
C241,"Alan Rotoi",1,0,
C241,Duplode,2,0,
C241,KyLiE,3,0,
C241,CTG,4,0,
C241,Zapper,5,0,
C241,Heretic,6,0,
C241,dreadnaut,7,0,
C241,Overdrijf,8,0,
C241,afullo,9,0,
C241,Cas,10,0,
C241,"Shoegazing Leo",11,0,
C241,KaoS,12,0,EX2
C241,"Stan 286XT",13,0,EX3
C242,"Alan Rotoi",1,0,
C242,Duplode,2,0,
C242,Overdrijf,3,0,
C242,KyLiE,4,0,
C242,Zapper,5,0,
C242,afullo,6,0,
C242,Heretic,7,0,
C242,dreadnaut,8,0,
C242,Cas,9,0,
C242,"Shoegazing Leo",10,0,EX3
C242,KaoS,11,0,EX2
C242,"Stan 286XT",12,0,EX3
C243,Duplode,1,0,
C243,"Alan Rotoi",2,0,
C243,dreadnaut,3,0,
C243,KyLiE,4,0,
C243,Zapper,5,0,
C243,Ryoma,6,0,
C243,Overdrijf,7,0,
C243,Frieshansen,8,0,
C243,afullo,9,0,
C243,Cas,10,0,
C243,Heretic,11,0,
C243,"Shoegazing Leo",12,0,
C243,Marco,13,0,EX2
C243,Igor,14,0,
C243,Daniel3D,15,0,
C243,"Stan 286XT",16,0,EX3
C243,GTAMan15,17,0,EX3
C244,Duplode,1,0,
C244,"Alan Rotoi",2,0,
C244,KyLiE,3,0,
C244,"Akoss Poo",4,0,
C244,Zapper,5,0,
C244,dreadnaut,6,0,
C244,Frieshansen,7,0,
C244,Overdrijf,8,0,
C244,Heretic,9,0,
C244,Cas,10,0,
C244,Ryoma,11,0,
C244,Usrin,12,0,
C244,afullo,13,0,
C244,"Shoegazing Leo",14,0,
C244,Daniel3D,15,0,
C244,matamo,16,0,
C244,"Stan 286XT",17,0,EX3
C245,"Alan Rotoi",1,0,
C245,CTG,2,0,
C245,Duplode,3,0,
C245,Zapper,4,0,
C245,KyLiE,5,0,
C245,Heretic,6,0,
C245,Overdrijf,7,0,
C245,Frieshansen,8,0,
C245,dreadnaut,9,0,
C245,afullo,10,0,
C245,Cas,11,0,
C245,"Shoegazing Leo",12,0,
C245,matamo,13,0,
C245,"Stan 286XT",14,0,
C245,Daniel3D,15,0,EX3
C245,Marco,16,0,EX2
C245,Ryoma,17,0,EX2
C246,"Alan Rotoi",1,0,
C246,CTG,2,0,
C246,"Akoss Poo",3,0,
C246,Duplode,4,0,
C246,Usrin,5,0,
C246,dreadnaut,6,0,
C246,"Bonzai Joe",7,0,
C246,KyLiE,8,0,
C246,Zapper,9,0,
C246,"Zak McKracken",10,0,
C246,Frieshansen,11,0,
C246,Heretic,12,0,
C246,Ryoma,13,0,
C246,Overdrijf,14,0,
C246,afullo,15,0,
C246,Cas,16,0,
C246,"Shoegazing Leo",17,0,
C246,"Stan 286XT",18,0,
C246,ZdnBurns,19,0,
C246,KaoS,20,0,EX2
C247,"Alan Rotoi",1,0,
C247,CTG,2,0,
C247,Duplode,3,0,
C247,"Akoss Poo",4,0,
C247,Usrin,5,0,
C247,dreadnaut,6,0,
C247,Zapper,7,0,
C247,KyLiE,8,0,
C247,Heretic,9,0,
C247,Overdrijf,10,0,
C247,Frieshansen,11,0,
C247,Cas,12,0,
C247,afullo,13,0,
C247,"Shoegazing Leo",14,0,
C247,ZdnBurns,15,0,
C247,"Stan 286XT",16,0,EX3
C247,sd4000,17,0,EX3
C248,"Alan Rotoi",1,0,
C248,CTG,2,0,
C248,KyLiE,3,0,
C248,Duplode,4,0,
C248,Frieshansen,5,0,
C248,dreadnaut,6,0,
C248,Usrin,7,0,
C248,Zapper,8,0,
C248,Ryoma,9,0,
C248,Overdrijf,10,0,
C248,Heretic,11,0,
C248,Cas,12,0,
C248,afullo,13,0,
C248,"Shoegazing Leo",14,0,
C248,Hokuszpok,15,0,
C248,ZdnBurns,16,0,
C248,sebastianali302,17,0,
C248,"Stan 286XT",18,0,
C249,Duplode,1,0,
C249,"Alan Rotoi",2,0,
C249,CTG,3,0,
C249,"Akoss Poo",4,0,
C249,Usrin,5,0,
C249,KyLiE,6,0,
C249,Frieshansen,7,0,
C249,Heretic,8,0,
C249,Zapper,9,0,
C249,Ryoma,10,0,
C249,Cas,11,0,
C249,dreadnaut,12,0,
C249,afullo,13,0,
C249,"Shoegazing Leo",14,0,
C249,Hokuszpok,15,0,
C249,Daniel3D,16,0,
C249,"Stan 286XT",17,0,EX3
C250,"Alan Rotoi",1,0,
C250,Duplode,2,0,
C250,CTG,3,0,
C250,Frieshansen,4,0,
C250,KyLiE,5,0,
C250,Zapper,6,0,
C250,Heretic,7,0,
C250,dreadnaut,8,0,
C250,Cas,9,0,
C250,afullo,10,0,
C250,"Shoegazing Leo",11,0,
C250,"Stan 286XT",12,0,EX3
C251,dreadnaut,1,0,
C251,"Alan Rotoi",2,0,
C251,Frieshansen,3,0,
C251,Duplode,4,0,
C251,KyLiE,5,0,
C251,Overdrijf,6,0,
C251,Cas,7,0,
C251,Heretic,8,0,
C251,Zapper,9,0,
C251,afullo,10,0,
C251,"Shoegazing Leo",11,0,
C251,"Stan 286XT",12,0,EX3
C252,Duplode,1,0,
C252,"Alan Rotoi",2,0,
C252,KyLiE,3,0,
C252,Marco,4,0,
C252,Frieshansen,5,0,
C252,dreadnaut,6,0,
C252,Zapper,7,0,
C252,Heretic,8,0,
C252,Overdrijf,9,0,
C252,Cas,10,0,
C252,afullo,11,0,
C252,"Shoegazing Leo",12,0,
C252,Daniel3D,13,0,
C252,"Stan 286XT",14,0,
C253,"Alan Rotoi",1,0,
C253,dreadnaut,2,0,
C253,Frieshansen,3,0,
C253,Duplode,4,0,
C253,KyLiE,5,0,
C253,Zapper,6,0,
C253,Overdrijf,7,0,
C253,Heretic,8,0,
C253,afullo,9,0,
C253,"Shoegazing Leo",10,0,
C253,Cas,11,0,
C253,"Stan 286XT",12,0,
C253,Daniel3D,13,0,
C253,HunterBoy344,14,0,
C254,"Alan Rotoi",1,0,
C254,Frieshansen,2,0,
C254,Duplode,3,0,
C254,Usrin,4,0,
C254,KyLiE,5,0,
C254,Zapper,6,0,
C254,dreadnaut,7,0,
C254,Overdrijf,8,0,
C254,Heretic,9,0,
C254,Cas,10,0,
C254,Kaweashkar,11,0,
C254,afullo,12,0,
C254,"Shoegazing Leo",13,0,
C254,"Stan 286XT",14,0,
C254,HunterBoy344,15,0,
C254,Daniel3D,16,0,
C254,"Erik Barros",17,0,EX3
C255,Duplode,1,0,
C255,Usrin,2,0,
C255,"Alan Rotoi",3,0,
C255,Zapper,4,0,
C255,KyLiE,5,0,
C255,Frieshansen,6,0,
C255,Overdrijf,7,0,
C255,dreadnaut,8,0,
C255,Heretic,9,0,
C255,afullo,10,0,
C255,"Shoegazing Leo",11,0,
C255,"Erik Barros",12,0,
C255,Cas,13,0,
C255,"Stan 286XT",14,0,
C255,Daniel3D,15,0,
C255,satanziege,16,0,
C255,Lisolet,17,0,
C255,HunterBoy344,18,0,EX3
C256,"Alan Rotoi",1,0,
C256,Duplode,2,0,
C256,Overdrijf,3,0,
C256,Frieshansen,4,0,
C256,Zapper,5,0,
C256,KyLiE,6,0,
C256,Heretic,7,0,
C256,dreadnaut,8,0,
C256,"Erik Barros",9,0,
C256,afullo,10,0,
C256,"Shoegazing Leo",11,0,
C256,Usrin,12,0,
C256,Cas,13,0,EX3
C256,"Stan 286XT",14,0,EX3
C257,Duplode,1,0,
C257,"Alan Rotoi",2,0,
C257,Argammon,3,0,
C257,Zapper,4,0,
C257,Frieshansen,5,0,
C257,KyLiE,6,0,
C257,CTG,7,0,
C257,dreadnaut,8,0,
C257,Overdrijf,9,0,
C257,Heretic,10,0,
C257,Cas,11,0,
C257,Shorty,12,0,
C257,LA108,13,0,
C257,"Erik Barros",14,0,
C257,afullo,15,0,
C257,Daniel3D,16,0,
C257,"Shoegazing Leo",17,0,
C257,"Stan 286XT",18,0,
C257,DusteD,19,0,
C258,Duplode,1,0,
C258,Argammon,2,0,
C258,"Alan Rotoi",3,0,
C258,Friker,4,0,
C258,KyLiE,5,0,
C258,Frieshansen,6,0,
C258,Overdrijf,7,0,
C258,"Mark Nailwood",8,0,
C258,Zapper,9,0,
C258,dreadnaut,10,0,
C258,Ryoma,11,0,
C258,"Erik Barros",12,0,
C258,Heretic,13,0,
C258,Cas,14,0,
C258,afullo,15,0,
C258,Shorty,16,0,
C258,"Stan 286XT",17,0,
C258,"Shoegazing Leo",18,0,EX3
C258,Daniel3D,19,0,EX3
C259,Duplode,1,0,
C259,Argammon,2,0,
C259,"Alan Rotoi",3,0,
C259,Friker,4,0,
C259,Frieshansen,5,0,
C259,KyLiE,6,0,
C259,dreadnaut,7,0,
C259,Zapper,8,0,
C259,Overdrijf,9,0,
C259,Ryoma,10,0,
C259,Heretic,11,0,
C259,"Erik Barros",12,0,
C259,"Mark Nailwood",13,0,
C259,Rody,14,0,
C259,afullo,15,0,
C259,"Shoegazing Leo",16,0,
C259,Cas,17,0,
C259,"Stan 286XT",18,0,
C259,Shorty,19,0,
C259,Daniel3D,20,0,
C259,HunterBoy344,21,0,EX3
C260,Argammon,1,0,
C260,Duplode,2,0,
C260,"Alan Rotoi",3,0,
C260,Friker,4,0,
C260,Overdrijf,5,0,
C260,Frieshansen,6,0,
C260,KyLiE,7,0,
C260,"Erik Barros",8,0,
C260,dreadnaut,9,0,
C260,Zapper,10,0,
C260,Ryoma,11,0,
C260,Heretic,12,0,
C260,GTAMan15,13,0,
C260,"Mark Nailwood",14,0,
C260,Cas,15,0,
C260,afullo,16,0,
C260,"Shoegazing Leo",17,0,
C260,Rody,18,0,
C260,"Stan 286XT",19,0,
C260,Shorty,20,0,EX3
C261,Argammon,1,0,
C261,KyLiE,2,0,
C261,Duplode,3,0,
C261,"Alan Rotoi",4,0,
C261,Frieshansen,5,0,
C261,"Erik Barros",6,0,
C261,Friker,7,0,
C261,dreadnaut,8,0,
C261,Overdrijf,9,0,
C261,GTAMan15,10,0,
C261,Zapper,11,0,
C261,"Mark Nailwood",12,0,
C261,Ryoma,13,0,
C261,Cas,14,0,
C261,afullo,15,0,
C261,Heretic,16,0,
C261,"Shoegazing Leo",17,0,
C261,Shorty,18,0,
C261,Rody,19,0,
C261,"Stan 286XT",20,0,
C262,Argammon,1,0,
C262,Duplode,2,0,
C262,KyLiE,3,0,
C262,"Erik Barros",4,0,
C262,Zapper,5,0,
C262,Frieshansen,6,0,
C262,Overdrijf,7,0,
C262,dreadnaut,8,0,
C262,Ryoma,9,0,
C262,"Mark Nailwood",10,0,
C262,Heretic,11,0,
C262,Cas,12,0,
C262,Friker,13,0,
C262,afullo,14,0,
C262,"Alan Rotoi",15,0,
C262,"Shoegazing Leo",16,0,
C262,Spoonboy,17,0,
C262,Daniel3D,18,0,
C262,Igor,19,0,
C262,Shorty,20,0,
C262,Tijn,21,0,
C262,"Stan 286XT",22,0,EX3
C263,Argammon,1,0,
C263,Duplode,2,0,
C263,"Alan Rotoi",3,0,
C263,KyLiE,4,0,
C263,Frieshansen,5,0,
C263,"Erik Barros",6,0,
C263,Overdrijf,7,0,
C263,Zapper,8,0,
C263,dreadnaut,9,0,
C263,"Mark Nailwood",10,0,
C263,Ryoma,11,0,
C263,dstien,12,0,
C263,Cas,13,0,
C263,Heretic,14,0,
C263,DJHiP,15,0,
C263,Tijn,16,0,
C263,afullo,17,0,
C263,"Shoegazing Leo",18,0,
C263,Spoonboy,19,0,
C263,Mwalrus,20,0,EX3
C263,"Stan 286XT",21,0,EX3
C263,LUCA8788,22,0,EX3
C263,Alecu,23,0,EX3
C264,Argammon,1,0,
C264,Duplode,2,0,
C264,KyLiE,3,0,
C264,"Alan Rotoi",4,0,
C264,"Erik Barros",5,0,
C264,Frieshansen,6,0,
C264,Zapper,7,0,
C264,Overdrijf,8,0,
C264,Ryoma,9,0,
C264,Cas,10,0,
C264,dreadnaut,11,0,
C264,"Mark Nailwood",12,0,
C264,dstien,13,0,
C264,DJHiP,14,0,
C264,Spoonboy,15,0,
C264,Pulse,16,0,
C264,afullo,17,0,
C264,"Shoegazing Leo",18,0,
C264,Shorty,19,0,
C264,ThiagoSB,20,0,
C264,"Stan 286XT",21,0,
C264,Alecu,22,0,
C265,Duplode,1,0,
C265,Argammon,2,0,
C265,KyLiE,3,0,
C265,"Alan Rotoi",4,0,
C265,Frieshansen,5,0,
C265,Marco,6,0,
C265,Zapper,7,0,
C265,"Erik Barros",8,0,
C265,"Mark Nailwood",9,0,
C265,Ryoma,10,0,
C265,Overdrijf,11,0,
C265,Cas,12,0,
C265,Spoonboy,13,0,
C265,dreadnaut,14,0,
C265,dstien,15,0,
C265,"Shoegazing Leo",16,0,
C265,afullo,17,0,
C265,Shorty,18,0,
C265,Pulse,19,0,
C265,"Stan 286XT",20,0,
C265,HunterBoy344,21,0,
C265,Alecu,22,0,EX3
C266,Duplode,1,0,
C266,Argammon,2,0,
C266,"Alan Rotoi",3,0,
C266,Frieshansen,4,0,
C266,"Erik Barros",5,0,
C266,Friker,6,0,
C266,dreadnaut,7,0,
C266,KyLiE,8,0,
C266,Overdrijf,9,0,
C266,"Mark Nailwood",10,0,
C266,Marco,11,0,
C266,Zapper,12,0,
C266,dstien,13,0,
C266,Spoonboy,14,0,
C266,Heretic,15,0,
C266,Ryoma,16,0,
C266,afullo,17,0,
C266,"Shoegazing Leo",18,0,
C266,Cas,19,0,
C266,"Stan 286XT",20,0,
C266,Alecu,21,0,
C266,HunterBoy344,22,0,
C266,satanziege,23,0,EX1
C267,Argammon,1,0,
C267,Duplode,2,0,
C267,Frieshansen,3,0,
C267,"Alan Rotoi",4,0,
C267,KyLiE,5,0,
C267,Overdrijf,6,0,
C267,Spoonboy,7,0,
C267,Zapper,8,0,
C267,"Mark Nailwood",9,0,
C267,"Erik Barros",10,0,
C267,dreadnaut,11,0,
C267,Cas,12,0,
C267,Marco,13,0,
C267,Ryoma,14,0,
C267,afullo,15,0,
C267,"Shoegazing Leo",16,0,
C267,dstien,17,0,
C267,Friker,18,0,
C267,"Stan 286XT",19,0,
C267,Alecu,20,0,
C268,Argammon,1,0,
C268,"Alan Rotoi",2,0,
C268,KyLiE,3,0,
C268,Duplode,4,0,
C268,Frieshansen,5,0,
C268,"Erik Barros",6,0,
C268,Zapper,7,0,
C268,"Mark Nailwood",8,0,
C268,Spoonboy,9,0,
C268,dreadnaut,10,0,
C268,Ryoma,11,0,
C268,Overdrijf,12,0,
C268,dstien,13,0,
C268,Cas,14,0,
C268,afullo,15,0,
C268,"Shoegazing Leo",16,0,
C268,"Stan 286XT",17,0,
C268,Alecu,18,0,
C269,Argammon,1,0,
C269,"Alan Rotoi",2,0,
C269,Duplode,3,0,
C269,"Erik Barros",4,0,
C269,KyLiE,5,0,
C269,Frieshansen,6,0,
C269,Spoonboy,7,0,
C269,Zapper,8,0,
C269,"Mark Nailwood",9,0,
C269,Ryoma,10,0,
C269,dreadnaut,11,0,
C269,Ferrao,12,0,
C269,Marco,13,0,
C269,Cas,14,0,
C269,"Shoegazing Leo",15,0,
C269,afullo,16,0,
C269,dstien,17,0,
C269,Daniel3D,18,0,
C269,Overdrijf,19,0,EX3
C269,"Stan 286XT",20,0,EX3
C269,Alecu,21,0,EX3
